,age(kyr),mean(permil),sigma(permil)
0,0,3.18858,0.124171
1,1,3.187064,0.119314
2,2,3.165424,0.116369
3,3,3.162603,0.109763
4,4,3.180303,0.109315
5,5,3.196604,0.109811
6,6,3.216755,0.107897
7,7,3.250561,0.127418
8,8,3.299535,0.164768
9,9,3.403244,0.202195
10,10,3.566408,0.220601
11,11,3.736076,0.208944
12,12,3.877918,0.18478
13,13,3.980795,0.182358
14,14,4.114533,0.215937
15,15,4.293652,0.23911
16,16,4.489613,0.226214
17,17,4.656297,0.181894
18,18,4.802545,0.138773
19,19,4.879514,0.100291
20,20,4.875448,0.084645
21,21,4.855507,0.087211
22,22,4.824693,0.095135
23,23,4.781752,0.103642
24,24,4.743219,0.108709
25,25,4.717993,0.112736
26,26,4.693275,0.116405
27,27,4.676527,0.114172
28,28,4.672046,0.106221
29,29,4.638962,0.109742
30,30,4.582902,0.129623
31,31,4.536306,0.141032
32,32,4.517633,0.128005
33,33,4.496621,0.110507
34,34,4.463093,0.10843
35,35,4.428169,0.11885
36,36,4.420113,0.13771
37,37,4.429396,0.148476
38,38,4.447674,0.142533
39,39,4.458125,0.126611
40,40,4.446523,0.109683
41,41,4.438593,0.104224
42,42,4.424082,0.108758
43,43,4.396573,0.121245
44,44,4.333469,0.129143
45,45,4.281416,0.131102
46,46,4.21729,0.144216
47,47,4.257673,0.144342
48,48,4.373479,0.120692
49,49,4.402409,0.107557
50,50,4.385165,0.125333
51,51,4.359227,0.157531
52,52,4.310254,0.155776
53,53,4.251178,0.138749
54,54,4.262773,0.138677
55,55,4.301146,0.141324
56,56,4.294742,0.136837
57,57,4.266917,0.12526
58,58,4.262995,0.124166
59,59,4.24625,0.149222
60,60,4.210045,0.180146
61,61,4.245776,0.180891
62,62,4.319199,0.15915
63,63,4.390002,0.135274
64,64,4.475586,0.109804
65,65,4.517518,0.089004
66,66,4.515277,0.086072
67,67,4.487816,0.092007
68,68,4.451511,0.103188
69,69,4.393524,0.120686
70,70,4.31446,0.137568
71,71,4.240514,0.150135
72,72,4.179796,0.156328
73,73,4.128365,0.155719
74,74,4.087846,0.152356
75,75,4.042317,0.150899
76,76,4.002934,0.146923
77,77,3.989847,0.136831
78,78,3.966453,0.124812
79,79,3.927595,0.114388
80,80,3.881227,0.109303
81,81,3.813146,0.11148
82,82,3.738808,0.118499
83,83,3.679079,0.131868
84,84,3.677756,0.152755
85,85,3.7425,0.182137
86,86,3.838731,0.213171
87,87,3.946031,0.228925
88,88,4.020347,0.223193
89,89,4.04162,0.205792
90,90,4.034392,0.184445
91,91,4.020209,0.159896
92,92,4.005296,0.135669
93,93,3.970462,0.117493
94,94,3.911032,0.104416
95,95,3.839154,0.097174
96,96,3.785493,0.098419
97,97,3.72889,0.108086
98,98,3.684605,0.115369
99,99,3.676758,0.116557
100,100,3.68054,0.118206
101,101,3.691474,0.120476
102,102,3.705007,0.125153
103,103,3.722996,0.133008
104,104,3.763057,0.142287
105,105,3.835122,0.148092
106,106,3.900344,0.149153
107,107,3.924667,0.145632
108,108,3.9459,0.145903
109,109,4.011297,0.146253
110,110,4.051605,0.138845
111,111,4.022513,0.127449
112,112,3.947039,0.115504
113,113,3.855326,0.108408
114,114,3.761393,0.115109
115,115,3.65575,0.134195
116,116,3.549822,0.151111
117,117,3.464428,0.155282
118,118,3.373336,0.146853
119,119,3.273611,0.134363
120,120,3.189081,0.125295
121,121,3.116761,0.121341
122,122,3.056227,0.116026
123,123,3.010537,0.10971
124,124,2.981684,0.103065
125,125,2.977924,0.101739
126,126,2.999088,0.118735
127,127,3.024207,0.147863
128,128,3.099472,0.195197
129,129,3.24024,0.244231
130,130,3.420021,0.285686
131,131,3.604495,0.31756
132,132,3.797034,0.322162
133,133,3.991505,0.293209
134,134,4.185045,0.245078
135,135,4.379593,0.209141
136,136,4.56525,0.194613
137,137,4.729025,0.165891
138,138,4.813774,0.12312
139,139,4.846535,0.102549
140,140,4.875681,0.102104
141,141,4.872929,0.103201
142,142,4.812638,0.105751
143,143,4.758017,0.108047
144,144,4.716836,0.10868
145,145,4.682061,0.112092
146,146,4.648688,0.117176
147,147,4.618784,0.119974
148,148,4.599773,0.120848
149,149,4.584912,0.1212
150,150,4.581446,0.121764
151,151,4.584988,0.123055
152,152,4.583696,0.124631
153,153,4.572427,0.126846
154,154,4.554188,0.1297
155,155,4.529231,0.132498
156,156,4.535305667,0.143579
157,157,4.541380333,0.15466
158,158,4.547455,0.165741
159,159,4.547701,0.162982
160,160,4.533818,0.158198
161,161,4.514895,0.15357
162,162,4.500733,0.148202
163,163,4.492933,0.144122
164,164,4.481256,0.14189
165,165,4.468756,0.135499
166,166,4.453066,0.124521
167,167,4.420278,0.113527
168,168,4.375808,0.10969
169,169,4.307252,0.116491
170,170,4.235008,0.127871
171,171,4.20566,0.138442
172,172,4.232107,0.141042
173,173,4.273889,0.142094
174,174,4.304761,0.140984
175,175,4.323134,0.130334
176,176,4.338974,0.117625
177,177,4.341081,0.114747
178,178,4.323156,0.117121
179,179,4.322433,0.120508
180,180,4.34733,0.124858
181,181,4.388703,0.127415
182,182,4.419296,0.126069
183,183,4.399655,0.129573
184,184,4.345489,0.139914
185,185,4.275506,0.146796
186,186,4.200158,0.149838
187,187,4.121042,0.15771
188,188,4.020692,0.168181
189,189,3.922911,0.174511
190,190,3.840878,0.182443
191,191,3.783462,0.190203
192,192,3.767102,0.188805
193,193,3.766666,0.177609
194,194,3.747714,0.162093
195,195,3.683688,0.141943
196,196,3.594335,0.138043
197,197,3.480341,0.142497
198,198,3.386818,0.137974
199,199,3.314054,0.13405
200,200,3.305325,0.131733
201,201,3.382309,0.145218
202,202,3.495924,0.167001
203,203,3.586164,0.169067
204,204,3.610388,0.156418
205,205,3.590914,0.137711
206,206,3.557174,0.117824
207,207,3.536426,0.104104
208,208,3.529809,0.096031
209,209,3.476773,0.093362
210,210,3.409993,0.102063
211,211,3.361512,0.106624
212,212,3.326176,0.101305
213,213,3.302972,0.096714
214,214,3.291641,0.115493
215,215,3.32415,0.149278
216,216,3.420822,0.195754
217,217,3.567735,0.259102
218,218,3.754303,0.315074
219,219,3.947071,0.3421
220,220,4.09094,0.328284
221,221,4.181482,0.286643
222,222,4.257838,0.236403
223,223,4.302525,0.193848
224,224,4.297853,0.164492
225,225,4.26183,0.151219
226,226,4.210026,0.149291
227,227,4.155638,0.147819
228,228,4.125475,0.149821
229,229,4.08863,0.156285
230,230,4.026354,0.165889
231,231,3.933383,0.173395
232,232,3.814602,0.16885
233,233,3.70273,0.15029
234,234,3.628527,0.130413
235,235,3.551019,0.11536
236,236,3.452761,0.10442
237,237,3.367796,0.103026
238,238,3.291386,0.113298
239,239,3.24968,0.134738
240,240,3.244705,0.183898
241,241,3.315296,0.255989
242,242,3.452779,0.309625
243,243,3.603636,0.340817
244,244,3.754691,0.348333
245,245,3.929353,0.310588
246,246,4.096388,0.229618
247,247,4.187414,0.163848
248,248,4.23631,0.142311
249,249,4.304277,0.147552
250,250,4.389214,0.143698
251,251,4.465522,0.120485
252,252,4.508342,0.100207
253,253,4.523324,0.100248
254,254,4.498407,0.106613
255,255,4.468903,0.106571
256,256,4.442929,0.107565
257,257,4.395096,0.107715
258,258,4.332711,0.107919
259,259,4.295059,0.107331
260,260,4.322491,0.10706
261,261,4.365298,0.106502
262,262,4.386954,0.107438
263,263,4.393441,0.114154
264,264,4.373824,0.121742
265,265,4.328796,0.137364
266,266,4.322318,0.141705
267,267,4.375893,0.134987
268,268,4.425666,0.13084
269,269,4.468525,0.127254
270,270,4.486264,0.121099
271,271,4.480199,0.12281
272,272,4.457296,0.125799
273,273,4.409604,0.124132
274,274,4.352095,0.121515
275,275,4.29729,0.125068
276,276,4.227457,0.144042
277,277,4.168688,0.165569
278,278,4.141388,0.178525
279,279,4.135805,0.179981
280,280,4.106159,0.174552
281,281,4.004825,0.158302
282,282,3.888852,0.123183
283,283,3.796244,0.112522
284,284,3.714368,0.117705
285,285,3.678025,0.099945
286,286,3.678655,0.0998
287,287,3.680706,0.12916
288,288,3.786306,0.158232
289,289,3.954544,0.154703
290,290,4.054246,0.144298
291,291,4.14195,0.141176
292,292,4.209673,0.128002
293,293,4.223062,0.12115
294,294,4.249741,0.124554
295,295,4.251491,0.132944
296,296,4.209682,0.149879
297,297,4.182473,0.170311
298,298,4.071225,0.145648
299,299,3.986812,0.149626
300,300,3.921369,0.152609
301,301,3.927524,0.155898
302,302,3.973548,0.156171
303,303,3.980784,0.153708
304,304,3.928871,0.14942
305,305,3.875319,0.142159
306,306,3.861179,0.134555
307,307,3.826226,0.126401
308,308,3.754922,0.121663
309,309,3.682494,0.124755
310,310,3.616986,0.13239
311,311,3.574002,0.13771
312,312,3.575726,0.140561
313,313,3.602034,0.141283
314,314,3.629769,0.140995
315,315,3.631509,0.138123
316,316,3.602196,0.13203
317,317,3.566715,0.123713
318,318,3.519342,0.11563
319,319,3.460731,0.109703
320,320,3.395573,0.105554
321,321,3.307742,0.101769
322,322,3.24839,0.099493
323,323,3.193083,0.099976
324,324,3.149265,0.102495
325,325,3.126082,0.111452
326,326,3.10199,0.132039
327,327,3.078904,0.160292
328,328,3.063383,0.188858
329,329,3.076584,0.21574
330,330,3.157736,0.242491
331,331,3.28962,0.269351
332,332,3.449704,0.292607
333,333,3.622416,0.308775
334,334,3.794614,0.317356
335,335,3.962793,0.319146
336,336,4.141637,0.313539
337,337,4.334906,0.295839
338,338,4.515892,0.262232
339,339,4.668178,0.217847
340,340,4.762361,0.174742
341,341,4.79028,0.142971
342,342,4.768083,0.126124
343,343,4.709269,0.123745
344,344,4.612482,0.13031
345,345,4.528251,0.138487
346,346,4.478019,0.14391
347,347,4.456031,0.144426
348,348,4.470079,0.139993
349,349,4.509003,0.131767
350,350,4.531221,0.122916
351,351,4.527201,0.116089
352,352,4.506725,0.116069
353,353,4.473742,0.122375
354,354,4.43903,0.129604
355,355,4.402872,0.131597
356,356,4.41421,0.125878
357,357,4.422271,0.11602
358,358,4.400297,0.110158
359,359,4.360295,0.111573
360,360,4.317629,0.116531
361,361,4.2847,0.121381
362,362,4.252879,0.125594
363,363,4.231957,0.128775
364,364,4.230949,0.131041
365,365,4.270521,0.131045
366,366,4.277717,0.127939
367,367,4.271224,0.121751
368,368,4.250467,0.115385
369,369,4.222151,0.110147
370,370,4.190508,0.107333
371,371,4.139329,0.107556
372,372,4.090292,0.1112
373,373,4.035441,0.118982
374,374,3.98146,0.129228
375,375,3.954745,0.138059
376,376,3.973108,0.144967
377,377,3.986353,0.15013
378,378,3.957366,0.155938
379,379,3.903279,0.162661
380,380,3.8416,0.169933
381,381,3.80808,0.175427
382,382,3.841939,0.176016
383,383,3.888432,0.16995
384,384,3.904606,0.157602
385,385,3.880173,0.1423
386,386,3.841403,0.128206
387,387,3.79504,0.118444
388,388,3.747488,0.113705
389,389,3.687746,0.112835
390,390,3.62006,0.114844
391,391,3.542258,0.115679
392,392,3.485255,0.11775
393,393,3.433759,0.120253
394,394,3.378788,0.122932
395,395,3.337459,0.125262
396,396,3.303036,0.125459
397,397,3.236916,0.122524
398,398,3.155177,0.117856
399,399,3.097597,0.114257
400,400,3.066496,0.112123
401,401,3.053732,0.109451
402,402,3.061462,0.106249
403,403,3.094602,0.105977
404,404,3.126345,0.106887
405,405,3.145345,0.107114
406,406,3.146954,0.105572
407,407,3.177017,0.103159
408,408,3.208901,0.099616
409,409,3.232316,0.097132
410,410,3.268199,0.096849
411,411,3.30885,0.099136
412,412,3.348492,0.103748
413,413,3.385636,0.110096
414,414,3.442834,0.117091
415,415,3.514966,0.123426
416,416,3.555896,0.129008
417,417,3.579929,0.136892
418,418,3.610856,0.14593
419,419,3.647129,0.157364
420,420,3.689171,0.170815
421,421,3.725839,0.186269
422,422,3.757223,0.20373
423,423,3.803633,0.222461
424,424,3.87286,0.241268
425,425,3.969141,0.257895
426,426,4.096562,0.269555
427,427,4.245977,0.273451
428,428,4.421102,0.268358
429,429,4.607478,0.252948
430,430,4.776346,0.228675
431,431,4.906974,0.200902
432,432,4.992732,0.174634
433,433,5.03202,0.152993
434,434,5.018658,0.138683
435,435,4.977954,0.131392
436,436,4.943114,0.127969
437,437,4.913938,0.125533
438,438,4.89303,0.121199
439,439,4.834291,0.11729
440,440,4.768601,0.114637
441,441,4.711543,0.113696
442,442,4.655761,0.113427
443,443,4.633192,0.11271
444,444,4.608949,0.111935
445,445,4.590051,0.11292
446,446,4.603421,0.115663
447,447,4.598004,0.120587
448,448,4.570774,0.125818
449,449,4.5546,0.130331
450,450,4.561548,0.133226
451,451,4.589995,0.134132
452,452,4.596151,0.133439
453,453,4.575374,0.132702
454,454,4.54118,0.130499
455,455,4.500501,0.126823
456,456,4.469054,0.122059
457,457,4.452849,0.118015
458,458,4.468613,0.11492
459,459,4.474722,0.114159
460,460,4.456485,0.11624
461,461,4.425067,0.120712
462,462,4.381951,0.128003
463,463,4.338557,0.140091
464,464,4.297094,0.155854
465,465,4.247549,0.173497
466,466,4.189329,0.191163
467,467,4.124291,0.20576
468,468,4.072286,0.215675
469,469,4.044344,0.221671
470,470,4.047558,0.223484
471,471,4.056168,0.22135
472,472,4.047343,0.216168
473,473,4.022724,0.208169
474,474,3.978444,0.199374
475,475,3.925505,0.190396
476,476,3.887547,0.181057
477,477,3.876084,0.170063
478,478,3.864332,0.157721
479,479,3.847941,0.145499
480,480,3.82616,0.135491
481,481,3.792673,0.129127
482,482,3.755727,0.127317
483,483,3.708092,0.127779
484,484,3.667631,0.130084
485,485,3.620339,0.132319
486,486,3.575797,0.13354
487,487,3.541763,0.132344
488,488,3.516751,0.128844
489,489,3.514696,0.124446
490,490,3.547649,0.119557
491,491,3.595197,0.114852
492,492,3.632643,0.111028
493,493,3.653328,0.107737
494,494,3.67561,0.106212
495,495,3.676572,0.105974
496,496,3.670849,0.108454
497,497,3.674617,0.114097
498,498,3.68586,0.121672
499,499,3.699651,0.129212
500,500,3.740568,0.134145
501,501,3.787633,0.134475
502,502,3.828639,0.132045
503,503,3.874855,0.130007
504,504,3.905679,0.13126
505,505,3.953662,0.136384
506,506,4.007474,0.140943
507,507,4.048551,0.142341
508,508,4.08836,0.139943
509,509,4.098349,0.133064
510,510,4.088712,0.124425
511,511,4.077772,0.116174
512,512,4.056263,0.110639
513,513,4.037979,0.107883
514,514,4.030499,0.106736
515,515,4.013762,0.104802
516,516,3.968354,0.102158
517,517,3.92909,0.098116
518,518,3.899857,0.095989
519,519,3.860067,0.093953
520,520,3.832268,0.093391
521,521,3.815735,0.095481
522,522,3.811471,0.101563
523,523,3.819074,0.110635
524,524,3.840004,0.120318
525,525,3.873988,0.127471
526,526,3.917692,0.130996
527,527,3.939683,0.130998
528,528,3.96894,0.131103
529,529,3.99509,0.134683
530,530,4.004531,0.142403
531,531,4.027005,0.154531
532,532,4.090291,0.168919
533,533,4.180613,0.18238
534,534,4.298248,0.191003
535,535,4.408568,0.191163
536,536,4.48915,0.18432
537,537,4.526186,0.173408
538,538,4.552379,0.161874
539,539,4.57501,0.150913
540,540,4.574624,0.141032
541,541,4.566869,0.13365
542,542,4.544788,0.128786
543,543,4.525204,0.126103
544,544,4.512034,0.122537
545,545,4.498791,0.11808
546,546,4.493437,0.114335
547,547,4.48131,0.111687
548,548,4.458445,0.111258
549,549,4.437155,0.112434
550,550,4.395827,0.116259
551,551,4.343638,0.1211
552,552,4.291675,0.125166
553,553,4.249371,0.128086
554,554,4.218272,0.129842
555,555,4.184933,0.132192
556,556,4.149493,0.135273
557,557,4.096171,0.139449
558,558,4.040502,0.144648
559,559,3.987636,0.150268
560,560,3.913822,0.156154
561,561,3.85064,0.16085
562,562,3.818396,0.164526
563,563,3.832105,0.166326
564,564,3.863805,0.165212
565,565,3.87457,0.162037
566,566,3.853294,0.158344
567,567,3.815613,0.155464
568,568,3.757688,0.154351
569,569,3.653245,0.154748
570,570,3.540462,0.154564
571,571,3.480611,0.154436
572,572,3.435822,0.155458
573,573,3.399169,0.157085
574,574,3.367041,0.159226
575,575,3.355699,0.162101
576,576,3.368431,0.166476
577,577,3.374562,0.172559
578,578,3.387209,0.180482
579,579,3.393496,0.189781
580,580,3.375654,0.199766
581,581,3.379583,0.20986
582,582,3.449747,0.220181
583,583,3.582154,0.22884
584,584,3.759178,0.234657
585,585,3.94991,0.23455
586,586,4.094374,0.228978
587,587,4.178319,0.220493
588,588,4.216081,0.210389
589,589,4.224158,0.199928
590,590,4.211725,0.190297
591,591,4.182841,0.18258
592,592,4.143092,0.176425
593,593,4.095158,0.171312
594,594,4.033105,0.167185
595,595,3.970479,0.163866
596,596,3.917466,0.161845
597,597,3.878296,0.161406
598,598,3.861145,0.162195
599,599,3.885393,0.165077
600,600,3.938434,0.166956
601,601,3.951538,0.168178
602,602,3.932122,0.168987
603,603,3.906526,0.169064
604,604,3.90216,0.168427
605,605,3.934056,0.165445
606,606,3.960079,0.161795
607,607,3.958344,0.158827
608,608,3.921654,0.155769
609,609,3.867139,0.15255
610,610,3.816916,0.149133
611,611,3.771055,0.146094
612,612,3.72694,0.143306
613,613,3.684786,0.141233
614,614,3.652441,0.139028
615,615,3.61044,0.137251
616,616,3.527749,0.136319
617,617,3.43463,0.135626
618,618,3.374081,0.135614
619,619,3.359508,0.137976
620,620,3.392053,0.143434
621,621,3.433566,0.151046
622,622,3.479925,0.161759
623,623,3.555251,0.174489
624,624,3.660497,0.187649
625,625,3.779281,0.200879
626,626,3.924434,0.211515
627,627,4.083565,0.218318
628,628,4.262662,0.221827
629,629,4.462897,0.220433
630,630,4.642753,0.212829
631,631,4.791899,0.201289
632,632,4.918161,0.186912
633,633,5.00922,0.171384
634,634,5.057249,0.157604
635,635,5.062909,0.146542
636,636,5.021109,0.138076
637,637,4.965518,0.131628
638,638,4.925711,0.126556
639,639,4.901836,0.123169
640,640,4.889152,0.12079
641,641,4.894056,0.11867
642,642,4.898105,0.117644
643,643,4.889077,0.1173
644,644,4.865028,0.118842
645,645,4.833739,0.120785
646,646,4.803332,0.123812
647,647,4.767871,0.127976
648,648,4.724646,0.13223
649,649,4.680435,0.136151
650,650,4.650485,0.140087
651,651,4.638113,0.143553
652,652,4.628247,0.147273
653,653,4.615062,0.151758
654,654,4.596374,0.157005
655,655,4.579273,0.162409
656,656,4.569563,0.168036
657,657,4.568675,0.173265
658,658,4.571243,0.17723
659,659,4.574023,0.179764
660,660,4.575196,0.180024
661,661,4.574743,0.178854
662,662,4.56119,0.176649
663,663,4.541666,0.173504
664,664,4.517532,0.16903
665,665,4.496952,0.164527
666,666,4.484859,0.160377
667,667,4.481255,0.15667
668,668,4.488559,0.154278
669,669,4.498206,0.153139
670,670,4.501475,0.153007
671,671,4.485262,0.15455
672,672,4.457842,0.156687
673,673,4.424162,0.158536
674,674,4.387095,0.160975
675,675,4.352676,0.164202
676,676,4.321831,0.167956
677,677,4.290151,0.171583
678,678,4.25622,0.175064
679,679,4.224465,0.178613
680,680,4.190002,0.181407
681,681,4.155567,0.183652
682,682,4.133653,0.186151
683,683,4.131137,0.187213
684,684,4.127975,0.188051
685,685,4.116507,0.189063
686,686,4.097033,0.190474
687,687,4.076796,0.192413
688,688,4.027016,0.194455
689,689,3.965888,0.194026
690,690,3.911337,0.19052
691,691,3.849653,0.185495
692,692,3.774713,0.176832
693,693,3.699573,0.166872
694,694,3.634906,0.158242
695,695,3.54937,0.149191
696,696,3.496996,0.139509
697,697,3.506506,0.131853
698,698,3.509457,0.124798
699,699,3.509559,0.118232
700,700,3.535148,0.1128
701,701,3.570507,0.108447
702,702,3.614211,0.105016
703,703,3.652472,0.104161
704,704,3.687639,0.104267
705,705,3.716343,0.105207
706,706,3.746835,0.109664
707,707,3.785576,0.116774
708,708,3.830115,0.123895
709,709,3.877272,0.129876
710,710,3.923278,0.135003
711,711,3.961827,0.13801
712,712,3.992562,0.139435
713,713,4.014565,0.141616
714,714,4.02985,0.145137
715,715,4.039871,0.150134
716,716,4.045681,0.156564
717,717,4.049341,0.163647
718,718,4.058918,0.1646395
719,719,4.068495,0.165632
720,720,4.078072,0.1666245
721,721,4.087649,0.167617
722,722,4.097226,0.1686095
723,723,4.106803,0.169602
724,724,4.11638,0.1705945
725,725,4.125957,0.171587
726,726,4.300904,0.172058
727,727,4.460736,0.172273
728,728,4.559506,0.170773
729,729,4.561358,0.170202
730,730,4.495142,0.169825
731,731,4.431025,0.170161
732,732,4.381169,0.16938
733,733,4.339839,0.169407
734,734,4.255954,0.16984
735,735,4.129352,0.170484
736,736,4.018386,0.169749
737,737,3.958584,0.169164
738,738,3.930471,0.168448
739,739,3.944666,0.168397
740,740,3.922811,0.168191
741,741,3.890742,0.167841
742,742,3.901235,0.168722
743,743,3.953964,0.168686
744,744,3.969502,0.169078
745,745,3.965009,0.170702
746,746,3.977429,0.171836
747,747,3.964968,0.172957
748,748,3.986483,0.172685
749,749,4.055354,0.171172
750,750,4.175824,0.169975
751,751,4.363739,0.166704
752,752,4.505195,0.160237
753,753,4.545608,0.153528
754,754,4.507375,0.147504
755,755,4.436226,0.1423
756,756,4.401183,0.137484
757,757,4.414601,0.134063
758,758,4.39866,0.132541
759,759,4.347153,0.133252
760,760,4.292359,0.136296
761,761,4.22707,0.139061
762,762,4.159593,0.142792
763,763,4.100144,0.147706
764,764,4.014186,0.153747
765,765,3.932282,0.157692
766,766,3.908484,0.161218
767,767,3.893286,0.163984
768,768,3.846812,0.165168
769,769,3.804229,0.164053
770,770,3.795892,0.162448
771,771,3.83358,0.160879
772,772,3.894231,0.157915
773,773,3.888638,0.152221
774,774,3.783099,0.146538
775,775,3.674499,0.140151
776,776,3.603773,0.134495
777,777,3.586763,0.129206
778,778,3.577397,0.124731
779,779,3.548474,0.120766
780,780,3.494112,0.117585
781,781,3.42654,0.115806
782,782,3.383382,0.114939
783,783,3.351296,0.11586
784,784,3.32084,0.118585
785,785,3.304721,0.122202
786,786,3.293113,0.1275
787,787,3.287263,0.133851
788,788,3.279114,0.140671
789,789,3.273368,0.148648
790,790,3.31799,0.157606
791,791,3.465189,0.167207
792,792,3.64955,0.173159
793,793,3.810863,0.175831
794,794,3.962031,0.176633
795,795,4.122663,0.175825
796,796,4.335739,0.172515
797,797,4.533868,0.163046
798,798,4.611109,0.153826
799,799,4.605516,0.146219
800,800,4.590561,0.139624
801,801,4.567611,0.133846
802,802,4.546526,0.129338
803,803,4.503885,0.126032
804,804,4.470209,0.122933
805,805,4.448672,0.120969
806,806,4.420401,0.120483
807,807,4.379532,0.120383
808,808,4.332713,0.121258
809,809,4.28519,0.122302
810,810,4.232158,0.124252
811,811,4.174185,0.125538
812,812,4.134127,0.127374
813,813,4.110184,0.129521
814,814,4.073438,0.131333
815,815,4.023947,0.13285
816,816,3.96115,0.134446
817,817,3.883007,0.135077
818,818,3.820692,0.136252
819,819,3.773697,0.137491
820,820,3.718017,0.139541
821,821,3.663261,0.14085
822,822,3.623454,0.142396
823,823,3.594822,0.143095
824,824,3.575504,0.144527
825,825,3.567895,0.146092
826,826,3.62171,0.148685
827,827,3.792986,0.150637
828,828,4.005759,0.14896
829,829,4.080287,0.145611
830,830,4.069501,0.144967
831,831,4.038151,0.145228
832,832,3.958112,0.144991
833,833,3.86927,0.144176
834,834,3.799382,0.144222
835,835,3.749475,0.145001
836,836,3.714259,0.146103
837,837,3.697458,0.147328
838,838,3.704937,0.147707
839,839,3.7309,0.149245
840,840,3.751731,0.149024
841,841,3.742613,0.148074
842,842,3.705691,0.147204
843,843,3.666453,0.145182
844,844,3.669546,0.144556
845,845,3.734934,0.143872
846,846,3.730397,0.141841
847,847,3.67228,0.140679
848,848,3.635848,0.139725
849,849,3.612146,0.139838
850,850,3.574387,0.140303
851,851,3.522723,0.141149
852,852,3.471252,0.14126
853,853,3.401011,0.142159
854,854,3.304504,0.142148
855,855,3.328655,0.142168
856,856,3.482635,0.141471
857,857,3.57036,0.137889
858,858,3.554654,0.136032
859,859,3.492092,0.134862
860,860,3.413844,0.133464
861,861,3.349022,0.133259
862,862,3.322492,0.134944
863,863,3.29001,0.138406
864,864,3.250577,0.143971
865,865,3.235481,0.150764
866,866,3.221413,0.159507
867,867,3.200816,0.168384
868,868,3.249807,0.177877
869,869,3.359587,0.186374
870,870,3.49684,0.1935
871,871,3.661255,0.196466
872,872,3.842837,0.198146
873,873,4.057224,0.197058
874,874,4.18977,0.194596
875,875,4.215021,0.192172
876,876,4.231169,0.188465
877,877,4.339879,0.183302
878,878,4.49955,0.175018
879,879,4.579918,0.165554
880,880,4.617492,0.156291
881,881,4.624551,0.1487
882,882,4.612713,0.142371
883,883,4.579738,0.138529
884,884,4.513476,0.137133
885,885,4.458732,0.137529
886,886,4.415376,0.138659
887,887,4.382711,0.139637
888,888,4.40251,0.140698
889,889,4.38283,0.140484
890,890,4.363143,0.138501
891,891,4.405853,0.136363
892,892,4.417239,0.133937
893,893,4.384467,0.131194
894,894,4.323931,0.128612
895,895,4.243686,0.125634
896,896,4.171484,0.124258
897,897,4.100292,0.123444
898,898,4.032013,0.123878
899,899,3.973646,0.12613
900,900,3.940865,0.129985
901,901,3.938301,0.134608
902,902,3.947101,0.139592
903,903,3.923278,0.144869
904,904,3.932589,0.150127
905,905,3.946571,0.154067
906,906,3.921821,0.15759
907,907,3.860623,0.161712
908,908,3.798704,0.165439
909,909,3.722989,0.170915
910,910,3.613255,0.176763
911,911,3.571462,0.178713
912,912,3.615941,0.18051
913,913,3.680681,0.1811
914,914,3.758114,0.179971
915,915,3.87508,0.179711
916,916,4.039204,0.177694
917,917,4.182232,0.173821
918,918,4.298495,0.169135
919,919,4.345542,0.164984
920,920,4.380668,0.161786
921,921,4.391239,0.159492
922,922,4.354084,0.15791
923,923,4.281005,0.15795
924,924,4.210042,0.157385
925,925,4.158268,0.157662
926,926,4.119186,0.159273
927,927,4.041046,0.161327
928,928,3.966798,0.161107
929,929,3.941632,0.160114
930,930,3.928889,0.1591
931,931,3.894122,0.158761
932,932,3.864445,0.156393
933,933,3.822422,0.154904
934,934,3.755463,0.153212
935,935,3.686074,0.150122
936,936,3.68516,0.147814
937,937,3.678714,0.146191
938,938,3.620492,0.145629
939,939,3.560128,0.143931
940,940,3.503019,0.143146
941,941,3.478586,0.142786
942,942,3.484594,0.141987
943,943,3.465664,0.139417
944,944,3.451382,0.136408
945,945,3.456643,0.132523
946,946,3.445728,0.128107
947,947,3.383284,0.123734
948,948,3.315836,0.120282
949,949,3.25934,0.118134
950,950,3.190219,0.117992
951,951,3.163059,0.118397
952,952,3.177941,0.122665
953,953,3.196967,0.129494
954,954,3.19621,0.138427
955,955,3.187038,0.149052
956,956,3.180235,0.161001
957,957,3.174505,0.173341
958,958,3.17722,0.186029
959,959,3.248803,0.199485
960,960,3.362219,0.212648
961,961,3.501224,0.224071
962,962,3.698467,0.233843
963,963,3.901324,0.237783
964,964,4.053318,0.237183
965,965,4.155555,0.232886
966,966,4.226853,0.226466
967,967,4.275914,0.219494
968,968,4.27431,0.212893
969,969,4.222633,0.206884
970,970,4.152359,0.201281
971,971,4.085485,0.196146
972,972,4.01569,0.190604
973,973,3.942269,0.185457
974,974,3.870916,0.181226
975,975,3.811354,0.176636
976,976,3.768185,0.170461
977,977,3.712193,0.164696
978,978,3.644583,0.158162
979,979,3.601475,0.152427
980,980,3.587857,0.146677
981,981,3.577816,0.142719
982,982,3.574737,0.139843
983,983,3.592303,0.13871
984,984,3.622422,0.138262
985,985,3.674313,0.139296
986,986,3.758468,0.140208
987,987,3.862589,0.139975
988,988,3.962041,0.13857
989,989,4.013374,0.135147
990,990,4.010586,0.13269
991,991,4.048441,0.129946
992,992,4.0328,0.126557
993,993,3.99038,0.122513
994,994,3.937264,0.118897
995,995,3.885329,0.114909
996,996,3.838836,0.112141
997,997,3.801916,0.109854
998,998,3.774683,0.108308
999,999,3.752002,0.107848
1000,1000,3.720835,0.108519
1001,1001,3.68574,0.108187
1002,1002,3.649937,0.109983
1003,1003,3.656202,0.112033
1004,1004,3.680525,0.114634
1005,1005,3.707541,0.118553
1006,1006,3.750652,0.124226
1007,1007,3.835331,0.130223
1008,1008,3.939343,0.135893
1009,1009,4.042834,0.14164
1010,1010,4.136286,0.147616
1011,1011,4.168217,0.152485
1012,1012,4.110063,0.157897
1013,1013,4.007907,0.162169
1014,1014,3.963994,0.164951
1015,1015,3.955755,0.16808
1016,1016,3.936961,0.171227
1017,1017,3.884596,0.173821
1018,1018,3.813495,0.17524
1019,1019,3.772027,0.175644
1020,1020,3.782969,0.175716
1021,1021,3.761847,0.174933
1022,1022,3.690052,0.172971
1023,1023,3.65274,0.17007
1024,1024,3.6818,0.16782
1025,1025,3.719015,0.164488
1026,1026,3.719305,0.162119
1027,1027,3.673222,0.16003
1028,1028,3.609616,0.157817
1029,1029,3.540593,0.155854
1030,1030,3.490389,0.154386
1031,1031,3.487587,0.153164
1032,1032,3.471722,0.152102
1033,1033,3.503556,0.151295
1034,1034,3.574407,0.150787
1035,1035,3.655203,0.150298
1036,1036,3.734391,0.150283
1037,1037,3.835708,0.150579
1038,1038,3.949073,0.150005
1039,1039,4.041938,0.149021
1040,1040,4.145222,0.148721
1041,1041,4.246277,0.148678
1042,1042,4.30639,0.147957
1043,1043,4.360462,0.145603
1044,1044,4.345197,0.14302
1045,1045,4.325372,0.140088
1046,1046,4.311143,0.137799
1047,1047,4.284301,0.134097
1048,1048,4.263044,0.131516
1049,1049,4.236738,0.129991
1050,1050,4.217684,0.129101
1051,1051,4.198919,0.130011
1052,1052,4.176222,0.1327
1053,1053,4.149949,0.136322
1054,1054,4.112382,0.141647
1055,1055,4.084939,0.146186
1056,1056,4.082324,0.151067
1057,1057,4.055771,0.156686
1058,1058,4.006953,0.161613
1059,1059,3.934312,0.165349
1060,1060,3.850239,0.16811
1061,1061,3.782392,0.168528
1062,1062,3.729396,0.1681
1063,1063,3.692441,0.16626
1064,1064,3.656593,0.163699
1065,1065,3.591779,0.160498
1066,1066,3.492813,0.156986
1067,1067,3.387339,0.152039
1068,1068,3.29934,0.145914
1069,1069,3.246347,0.140867
1070,1070,3.207699,0.13694
1071,1071,3.175416,0.134293
1072,1072,3.157543,0.13287
1073,1073,3.17953,0.133836
1074,1074,3.203007,0.134288
1075,1075,3.173469,0.136092
1076,1076,3.170668,0.138397
1077,1077,3.151547,0.141315
1078,1078,3.165083,0.144814
1079,1079,3.24525,0.148417
1080,1080,3.329947,0.148959
1081,1081,3.384303,0.149483
1082,1082,3.437019,0.149308
1083,1083,3.487314,0.148036
1084,1084,3.53892,0.147118
1085,1085,3.597052,0.144718
1086,1086,3.615331,0.142654
1087,1087,3.625467,0.141278
1088,1088,3.638164,0.140252
1089,1089,3.645183,0.139862
1090,1090,3.666659,0.139592
1091,1091,3.692596,0.139471
1092,1092,3.716297,0.139603
1093,1093,3.733811,0.140374
1094,1094,3.737492,0.141837
1095,1095,3.73673,0.143904
1096,1096,3.746793,0.146313
1097,1097,3.754203,0.14919
1098,1098,3.769862,0.151934
1099,1099,3.792919,0.154194
1100,1100,3.829078,0.155131
1101,1101,3.87243,0.155933
1102,1102,3.914693,0.155782
1103,1103,3.95748,0.155388
1104,1104,4.004611,0.154419
1105,1105,4.046392,0.152816
1106,1106,4.079039,0.151396
1107,1107,4.081175,0.149908
1108,1108,4.037676,0.14777
1109,1109,3.971124,0.146859
1110,1110,3.887958,0.144183
1111,1111,3.810235,0.141672
1112,1112,3.762535,0.13908
1113,1113,3.736892,0.136706
1114,1114,3.66207,0.134595
1115,1115,3.565862,0.131669
1116,1116,3.505688,0.129241
1117,1117,3.449765,0.128375
1118,1118,3.426915,0.127317
1119,1119,3.424729,0.127858
1120,1120,3.45232,0.129171
1121,1121,3.498628,0.129681
1122,1122,3.591687,0.131509
1123,1123,3.73053,0.132654
1124,1124,3.839218,0.134361
1125,1125,3.903688,0.135533
1126,1126,3.952747,0.136744
1127,1127,3.986518,0.138108
1128,1128,4.039743,0.139828
1129,1129,4.157319,0.142664
1130,1130,4.321117,0.144947
1131,1131,4.438124,0.144286
1132,1132,4.425423,0.145119
1133,1133,4.38385,0.145412
1134,1134,4.314831,0.146924
1135,1135,4.256689,0.147858
1136,1136,4.184739,0.150091
1137,1137,4.116394,0.151004
1138,1138,4.086376,0.152694
1139,1139,4.049636,0.154988
1140,1140,3.998801,0.157633
1141,1141,3.937456,0.160537
1142,1142,3.866734,0.16174
1143,1143,3.811152,0.162391
1144,1144,3.819125,0.163845
1145,1145,3.844967,0.164341
1146,1146,3.824504,0.164926
1147,1147,3.749839,0.164892
1148,1148,3.691679,0.161748
1149,1149,3.705717,0.160709
1150,1150,3.752221,0.157929
1151,1151,3.737027,0.154788
1152,1152,3.664429,0.152049
1153,1153,3.629012,0.149651
1154,1154,3.605038,0.146343
1155,1155,3.609369,0.143347
1156,1156,3.619824,0.140457
1157,1157,3.600383,0.13752
1158,1158,3.582654,0.134689
1159,1159,3.563359,0.131388
1160,1160,3.514907,0.128533
1161,1161,3.4676,0.126065
1162,1162,3.44332,0.124394
1163,1163,3.423068,0.123918
1164,1164,3.415047,0.122625
1165,1165,3.416949,0.121401
1166,1166,3.442307,0.120904
1167,1167,3.45021,0.120626
1168,1168,3.41805,0.120307
1169,1169,3.378263,0.120217
1170,1170,3.333025,0.119635
1171,1171,3.322628,0.118406
1172,1172,3.332867,0.118105
1173,1173,3.376938,0.117734
1174,1174,3.424075,0.115326
1175,1175,3.457465,0.113894
1176,1176,3.469927,0.112652
1177,1177,3.488926,0.111383
1178,1178,3.493453,0.11098
1179,1179,3.480611,0.10957
1180,1180,3.45282,0.108272
1181,1181,3.460898,0.107496
1182,1182,3.463111,0.106937
1183,1183,3.456524,0.105984
1184,1184,3.47345,0.105773
1185,1185,3.506431,0.105797
1186,1186,3.543765,0.105445
1187,1187,3.552733,0.105422
1188,1188,3.540676,0.10517
1189,1189,3.527955,0.105006
1190,1190,3.52345,0.105546
1191,1191,3.516094,0.106237
1192,1192,3.511263,0.107164
1193,1193,3.525766,0.108814
1194,1194,3.564898,0.110681
1195,1195,3.635381,0.113079
1196,1196,3.755,0.116984
1197,1197,3.941989,0.12012
1198,1198,4.095803,0.118471
1199,1199,4.168485,0.118463
1200,1200,4.200377,0.119446
1201,1201,4.236114,0.120494
1202,1202,4.278286,0.122021
1203,1203,4.351128,0.123444
1204,1204,4.416598,0.123581
1205,1205,4.444195,0.123066
1206,1206,4.439083,0.123115
1207,1207,4.422436,0.124193
1208,1208,4.401021,0.125283
1209,1209,4.381864,0.126208
1210,1210,4.383036,0.127372
1211,1211,4.400543,0.129131
1212,1212,4.367229,0.131969
1213,1213,4.310266,0.134487
1214,1214,4.264258,0.137135
1215,1215,4.196674,0.141619
1216,1216,4.113939,0.146091
1217,1217,4.029972,0.150711
1218,1218,3.957542,0.154781
1219,1219,3.904866,0.158418
1220,1220,3.879754,0.16178
1221,1221,3.883219,0.166147
1222,1222,3.900182,0.17007
1223,1223,3.922991,0.172948
1224,1224,3.946801,0.174388
1225,1225,3.957411,0.174156
1226,1226,3.953408,0.173882
1227,1227,3.931258,0.172496
1228,1228,3.904601,0.170735
1229,1229,3.860499,0.168853
1230,1230,3.802477,0.166924
1231,1231,3.716166,0.16462
1232,1232,3.654349,0.160618
1233,1233,3.638813,0.156136
1234,1234,3.597128,0.151306
1235,1235,3.53007,0.147371
1236,1236,3.413776,0.143277
1237,1237,3.312698,0.137722
1238,1238,3.25788,0.131818
1239,1239,3.230913,0.127561
1240,1240,3.182997,0.12454
1241,1241,3.142803,0.12265
1242,1242,3.163729,0.12266
1243,1243,3.20433,0.123476
1244,1244,3.220269,0.124702
1245,1245,3.216912,0.127944
1246,1246,3.19424,0.131873
1247,1247,3.139099,0.136333
1248,1248,3.105773,0.141147
1249,1249,3.082668,0.146427
1250,1250,3.171016,0.152083
1251,1251,3.367639,0.157515
1252,1252,3.553897,0.162048
1253,1253,3.720068,0.163433
1254,1254,3.863307,0.161872
1255,1255,4.021459,0.157069
1256,1256,4.178352,0.150735
1257,1257,4.301618,0.145779
1258,1258,4.421212,0.141436
1259,1259,4.453993,0.137166
1260,1260,4.432213,0.133635
1261,1261,4.386363,0.132493
1262,1262,4.276337,0.129961
1263,1263,4.207773,0.128885
1264,1264,4.082313,0.129155
1265,1265,4.050532,0.128208
1266,1266,4.055637,0.129083
1267,1267,4.007511,0.131169
1268,1268,3.970915,0.133065
1269,1269,3.925606,0.135957
1270,1270,3.816412,0.140047
1271,1271,3.701051,0.140874
1272,1272,3.673316,0.141694
1273,1273,3.712987,0.142492
1274,1274,3.6946,0.142226
1275,1275,3.639474,0.141218
1276,1276,3.572506,0.140117
1277,1277,3.513856,0.139019
1278,1278,3.479794,0.13842
1279,1279,3.467677,0.137233
1280,1280,3.477829,0.136238
1281,1281,3.511921,0.136267
1282,1282,3.496483,0.136917
1283,1283,3.465952,0.137582
1284,1284,3.478034,0.138878
1285,1285,3.519431,0.140104
1286,1286,3.615843,0.14175
1287,1287,3.74269,0.142191
1288,1288,3.833385,0.140347
1289,1289,3.862909,0.140346
1290,1290,3.935397,0.139143
1291,1291,4.022242,0.139248
1292,1292,4.128152,0.13867
1293,1293,4.164613,0.137795
1294,1294,4.161887,0.13899
1295,1295,4.147133,0.140975
1296,1296,4.06307,0.144006
1297,1297,3.97074,0.14767
1298,1298,3.91727,0.151429
1299,1299,3.965039,0.155183
1300,1300,3.999013,0.15587
1301,1301,3.988795,0.15932
1302,1302,3.959667,0.160848
1303,1303,3.916936,0.160702
1304,1304,3.886309,0.161095
1305,1305,3.854134,0.161762
1306,1306,3.786263,0.163457
1307,1307,3.696203,0.162735
1308,1308,3.576497,0.161514
1309,1309,3.470866,0.157347
1310,1310,3.46782,0.154726
1311,1311,3.570468,0.152537
1312,1312,3.627539,0.147348
1313,1313,3.613265,0.143734
1314,1314,3.579178,0.140659
1315,1315,3.499781,0.138965
1316,1316,3.393467,0.137873
1317,1317,3.335318,0.138251
1318,1318,3.331721,0.139466
1319,1319,3.355943,0.141159
1320,1320,3.406971,0.142265
1321,1321,3.453801,0.142681
1322,1322,3.501109,0.142709
1323,1323,3.545737,0.141776
1324,1324,3.549972,0.14062
1325,1325,3.553074,0.139339
1326,1326,3.615863,0.137595
1327,1327,3.666415,0.135034
1328,1328,3.709958,0.132659
1329,1329,3.736184,0.130751
1330,1330,3.783703,0.129087
1331,1331,3.844196,0.128128
1332,1332,3.8901,0.126319
1333,1333,3.920724,0.125693
1334,1334,3.962298,0.127289
1335,1335,4.012118,0.127505
1336,1336,4.016495,0.128328
1337,1337,4.023239,0.130255
1338,1338,4.038327,0.132633
1339,1339,4.06044,0.134827
1340,1340,4.091672,0.137708
1341,1341,4.107107,0.140268
1342,1342,4.084739,0.143022
1343,1343,4.057988,0.145647
1344,1344,4.033198,0.148619
1345,1345,4.000396,0.152054
1346,1346,3.942427,0.154686
1347,1347,3.863128,0.158003
1348,1348,3.773848,0.160563
1349,1349,3.699998,0.162171
1350,1350,3.646985,0.163564
1351,1351,3.59508,0.164673
1352,1352,3.523699,0.164076
1353,1353,3.43585,0.161354
1354,1354,3.348678,0.158329
1355,1355,3.269362,0.153534
1356,1356,3.233976,0.14989
1357,1357,3.215225,0.147506
1358,1358,3.215499,0.14528
1359,1359,3.215064,0.143607
1360,1360,3.204544,0.142363
1361,1361,3.17301,0.141623
1362,1362,3.150331,0.140815
1363,1363,3.169714,0.139917
1364,1364,3.221944,0.139602
1365,1365,3.281586,0.13854
1366,1366,3.351728,0.138618
1367,1367,3.425632,0.137091
1368,1368,3.500563,0.136394
1369,1369,3.583396,0.134579
1370,1370,3.648087,0.131708
1371,1371,3.681283,0.128695
1372,1372,3.713473,0.125724
1373,1373,3.758466,0.123487
1374,1374,3.788878,0.12246
1375,1375,3.823888,0.119984
1376,1376,3.864785,0.118135
1377,1377,3.893524,0.116713
1378,1378,3.946487,0.116366
1379,1379,3.992312,0.115661
1380,1380,4.014331,0.116415
1381,1381,4.075529,0.118087
1382,1382,4.142954,0.117683
1383,1383,4.155351,0.118203
1384,1384,4.143713,0.118484
1385,1385,4.126863,0.118354
1386,1386,4.053341,0.119479
1387,1387,3.922427,0.120406
1388,1388,3.822186,0.117709
1389,1389,3.798587,0.114514
1390,1390,3.807159,0.112363
1391,1391,3.787562,0.111191
1392,1392,3.725952,0.109808
1393,1393,3.666686,0.108484
1394,1394,3.593169,0.108139
1395,1395,3.536405,0.107102
1396,1396,3.500735,0.106733
1397,1397,3.458459,0.107992
1398,1398,3.399726,0.108296
1399,1399,3.372493,0.108979
1400,1400,3.407875,0.109488
1401,1401,3.400612,0.109732
1402,1402,3.383797,0.110527
1403,1403,3.42421,0.112537
1404,1404,3.456258,0.113595
1405,1405,3.450276,0.115931
1406,1406,3.485938,0.118588
1407,1407,3.529946,0.121644
1408,1408,3.585494,0.125076
1409,1409,3.665429,0.127939
1410,1410,3.739902,0.13036
1411,1411,3.821965,0.13032
1412,1412,3.888098,0.131971
1413,1413,3.972045,0.132602
1414,1414,4.045465,0.132774
1415,1415,4.095492,0.133699
1416,1416,4.133561,0.134832
1417,1417,4.167532,0.136716
1418,1418,4.133503,0.140852
1419,1419,4.011997,0.144691
1420,1420,3.919025,0.148439
1421,1421,3.849027,0.152389
1422,1422,3.805297,0.154451
1423,1423,3.774472,0.155934
1424,1424,3.76226,0.155775
1425,1425,3.719818,0.155004
1426,1426,3.659048,0.152204
1427,1427,3.64535,0.149617
1428,1428,3.654317,0.145864
1429,1429,3.649719,0.141407
1430,1430,3.606033,0.13713
1431,1431,3.534666,0.1332
1432,1432,3.429756,0.130942
1433,1433,3.314879,0.128059
1434,1434,3.232858,0.126119
1435,1435,3.194116,0.125841
1436,1436,3.176738,0.12726
1437,1437,3.16008,0.129443
1438,1438,3.15583,0.132315
1439,1439,3.213332,0.136137
1440,1440,3.278084,0.14073
1441,1441,3.236927,0.145316
1442,1442,3.18673,0.149296
1443,1443,3.163686,0.154422
1444,1444,3.150369,0.158927
1445,1445,3.128615,0.164337
1446,1446,3.090161,0.169868
1447,1447,3.051649,0.171524
1448,1448,3.079624,0.175586
1449,1449,3.171977,0.178664
1450,1450,3.302774,0.18235
1451,1451,3.461292,0.185535
1452,1452,3.623281,0.18261
1453,1453,3.777051,0.178589
1454,1454,3.936112,0.175606
1455,1455,4.119892,0.17092
1456,1456,4.29511,0.165192
1457,1457,4.348258,0.16098
1458,1458,4.328563,0.158264
1459,1459,4.285494,0.155242
1460,1460,4.203736,0.152806
1461,1461,4.120159,0.150914
1462,1462,4.030917,0.149624
1463,1463,3.949861,0.149142
1464,1464,3.836797,0.14915
1465,1465,3.772273,0.147
1466,1466,3.75402,0.146205
1467,1467,3.69204,0.146263
1468,1468,3.597873,0.146466
1469,1469,3.497945,0.146736
1470,1470,3.418631,0.144319
1471,1471,3.363552,0.141986
1472,1472,3.321171,0.140609
1473,1473,3.278525,0.139722
1474,1474,3.250168,0.138393
1475,1475,3.248704,0.137828
1476,1476,3.261864,0.137308
1477,1477,3.27522,0.136389
1478,1478,3.282157,0.136071
1479,1479,3.281483,0.135599
1480,1480,3.273771,0.135417
1481,1481,3.265247,0.135309
1482,1482,3.262759,0.134901
1483,1483,3.260605,0.134907
1484,1484,3.249303,0.134929
1485,1485,3.227605,0.135248
1486,1486,3.21335,0.135237
1487,1487,3.25575,0.136963
1488,1488,3.354102,0.138439
1489,1489,3.480435,0.140268
1490,1490,3.665305,0.181536
1491,1491,3.808199,0.177629
1492,1492,3.928708,0.17064
1493,1493,4.019443,0.164863
1494,1494,4.083151,0.16029
1495,1495,4.11962,0.155349
1496,1496,4.129463,0.152325
1497,1497,4.117343,0.150445
1498,1498,4.085251,0.150082
1499,1499,4.035878,0.150117
1500,1500,3.976752,0.150023
1501,1501,3.910115,0.148516
1502,1502,3.849126,0.14607
1503,1503,3.786694,0.14487
1504,1504,3.705108,0.14596
1505,1505,3.629413,0.146059
1506,1506,3.57651,0.143394
1507,1507,3.534214,0.142036
1508,1508,3.510658,0.141283
1509,1509,3.494019,0.141907
1510,1510,3.481371,0.143458
1511,1511,3.477266,0.145527
1512,1512,3.471716,0.148597
1513,1513,3.463704,0.151501
1514,1514,3.455736,0.155729
1515,1515,3.44168,0.161406
1516,1516,3.425228,0.167211
1517,1517,3.413437,0.171671
1518,1518,3.410143,0.175893
1519,1519,3.411537,0.180741
1520,1520,3.420499,0.185902
1521,1521,3.443964,0.191382
1522,1522,3.490724,0.197777
1523,1523,3.566562,0.204694
1524,1524,3.662653,0.210806
1525,1525,3.767953,0.215449
1526,1526,3.869231,0.219004
1527,1527,3.963432,0.221776
1528,1528,4.0479,0.223682
1529,1529,4.114863,0.224039
1530,1530,4.154695,0.224098
1531,1531,4.171916,0.223763
1532,1532,4.173602,0.223945
1533,1533,4.166403,0.224301
1534,1534,4.144105,0.224917
1535,1535,4.103533,0.225355
1536,1536,4.047862,0.225488
1537,1537,3.984923,0.225559
1538,1538,3.923703,0.225153
1539,1539,3.867683,0.2247
1540,1540,3.8149,0.224337
1541,1541,3.764573,0.22408
1542,1542,3.722205,0.223836
1543,1543,3.690706,0.22277
1544,1544,3.667706,0.221718
1545,1545,3.650396,0.22077
1546,1546,3.636088,0.219588
1547,1547,3.622554,0.218832
1548,1548,3.609805,0.217962
1549,1549,3.598941,0.216761
1550,1550,3.586202,0.215013
1551,1551,3.574418,0.213271
1552,1552,3.56323,0.211623
1553,1553,3.55457,0.209926
1554,1554,3.548501,0.208341
1555,1555,3.543537,0.206948
1556,1556,3.539036,0.206018
1557,1557,3.536954,0.205436
1558,1558,3.53846,0.205233
1559,1559,3.548567,0.205372
1560,1560,3.566859,0.205949
1561,1561,3.593215,0.206654
1562,1562,3.628864,0.20783
1563,1563,3.663356,0.209864
1564,1564,3.698445,0.212805
1565,1565,3.739153,0.216231
1566,1566,3.79029,0.219865
1567,1567,3.850049,0.223754
1568,1568,3.913786,0.227935
1569,1569,3.980064,0.23219
1570,1570,4.041672,0.236319
1571,1571,4.08708,0.240454
1572,1572,4.121851,0.244352
1573,1573,4.150686,0.247764
1574,1574,4.16773,0.250687
1575,1575,4.17392,0.252407
1576,1576,4.172771,0.253116
1577,1577,4.168038,0.252704
1578,1578,4.158223,0.250712
1579,1579,4.130179,0.247431
1580,1580,4.081861,0.243443
1581,1581,4.020697,0.238626
1582,1582,3.954265,0.232953
1583,1583,3.889575,0.226376
1584,1584,3.828964,0.219206
1585,1585,3.774649,0.211547
1586,1586,3.726448,0.203672
1587,1587,3.684498,0.195352
1588,1588,3.646015,0.187565
1589,1589,3.615232,0.180356
1590,1590,3.596896,0.173567
1591,1591,3.583875,0.167429
1592,1592,3.570904,0.162488
1593,1593,3.557352,0.158106
1594,1594,3.548519,0.154052
1595,1595,3.546599,0.150536
1596,1596,3.553887,0.14785
1597,1597,3.559854,0.146032
1598,1598,3.556317,0.144465
1599,1599,3.545646,0.144343
1600,1600,3.528082,0.144013
1601,1601,3.50463,0.143635
1602,1602,3.482944,0.144009
1603,1603,3.463991,0.145103
1604,1604,3.438195,0.146142
1605,1605,3.412359,0.145965
1606,1606,3.394615,0.146381
1607,1607,3.381964,0.147417
1608,1608,3.378999,0.148479
1609,1609,3.385891,0.14923
1610,1610,3.404743,0.150088
1611,1611,3.432048,0.151209
1612,1612,3.467622,0.152733
1613,1613,3.50934,0.153379
1614,1614,3.548189,0.153501
1615,1615,3.58167,0.153338
1616,1616,3.600772,0.15382
1617,1617,3.606737,0.154174
1618,1618,3.605416,0.154635
1619,1619,3.59927,0.155571
1620,1620,3.589761,0.15685
1621,1621,3.580647,0.15793
1622,1622,3.57089,0.159419
1623,1623,3.559965,0.160922
1624,1624,3.552114,0.16257
1625,1625,3.550263,0.16387
1626,1626,3.55332,0.165402
1627,1627,3.55648,0.166951
1628,1628,3.557081,0.1686
1629,1629,3.550556,0.17019
1630,1630,3.530472,0.171854
1631,1631,3.497169,0.172987
1632,1632,3.455512,0.17326
1633,1633,3.41562,0.173681
1634,1634,3.380249,0.17312
1635,1635,3.356491,0.173035
1636,1636,3.341875,0.172952
1637,1637,3.339392,0.172932
1638,1638,3.34926,0.173552
1639,1639,3.372132,0.174324
1640,1640,3.410701,0.176365
1641,1641,3.457422,0.178086
1642,1642,3.50317,0.17718
1643,1643,3.54914,0.175461
1644,1644,3.601683,0.174798
1645,1645,3.662883,0.173436
1646,1646,3.726012,0.173001
1647,1647,3.786906,0.173433
1648,1648,3.845482,0.17238
1649,1649,3.892495,0.169082
1650,1650,3.927945,0.166031
1651,1651,3.960616,0.164256
1652,1652,3.993209,0.163078
1653,1653,4.022316,0.162265
1654,1654,4.043249,0.160964
1655,1655,4.056888,0.160226
1656,1656,4.065908,0.160444
1657,1657,4.068757,0.161106
1658,1658,4.065789,0.161871
1659,1659,4.055276,0.162982
1660,1660,4.0399,0.163537
1661,1661,4.015179,0.164758
1662,1662,3.980778,0.165282
1663,1663,3.93531,0.165885
1664,1664,3.888781,0.165957
1665,1665,3.848111,0.165759
1666,1666,3.816778,0.165679
1667,1667,3.792746,0.164934
1668,1668,3.770075,0.163638
1669,1669,3.746632,0.161671
1670,1670,3.721566,0.159732
1671,1671,3.692684,0.158191
1672,1672,3.66089,0.156357
1673,1673,3.6301,0.154344
1674,1674,3.600207,0.152619
1675,1675,3.570176,0.151445
1676,1676,3.541453,0.150496
1677,1677,3.516612,0.149009
1678,1678,3.49628,0.148312
1679,1679,3.476832,0.147891
1680,1680,3.455564,0.14805
1681,1681,3.441989,0.149044
1682,1682,3.435045,0.150601
1683,1683,3.432006,0.152392
1684,1684,3.434087,0.154419
1685,1685,3.434688,0.157188
1686,1686,3.435567,0.159922
1687,1687,3.44341,0.162956
1688,1688,3.457504,0.166533
1689,1689,3.478004,0.170776
1690,1690,3.502554,0.174697
1691,1691,3.531713,0.178255
1692,1692,3.561254,0.181865
1693,1693,3.590544,0.185376
1694,1694,3.621661,0.188793
1695,1695,3.658561,0.191532
1696,1696,3.700083,0.193771
1697,1697,3.740725,0.196166
1698,1698,3.775609,0.198031
1699,1699,3.801699,0.198337
1700,1700,3.817841,0.197675
1701,1701,3.823049,0.197548
1702,1702,3.819187,0.197117
1703,1703,3.807161,0.19601
1704,1704,3.785067,0.194423
1705,1705,3.751283,0.193014
1706,1706,3.70747,0.190865
1707,1707,3.659109,0.189011
1708,1708,3.604554,0.187416
1709,1709,3.551907,0.186396
1710,1710,3.507849,0.186051
1711,1711,3.480227,0.186135
1712,1712,3.453378,0.186475
1713,1713,3.430311,0.187239
1714,1714,3.415578,0.188319
1715,1715,3.406807,0.18923
1716,1716,3.399323,0.190355
1717,1717,3.391532,0.191654
1718,1718,3.38916,0.193114
1719,1719,3.387825,0.194256
1720,1720,3.392802,0.194986
1721,1721,3.400373,0.195517
1722,1722,3.409398,0.196301
1723,1723,3.422492,0.197088
1724,1724,3.43227,0.197394
1725,1725,3.440731,0.197358
1726,1726,3.450626,0.197433
1727,1727,3.455983,0.197687
1728,1728,3.459922,0.19845
1729,1729,3.469257,0.200236
1730,1730,3.481811,0.202136
1731,1731,3.494546,0.204313
1732,1732,3.510526,0.206502
1733,1733,3.52716,0.209397
1734,1734,3.551203,0.212547
1735,1735,3.58231,0.215893
1736,1736,3.620245,0.218888
1737,1737,3.662831,0.221399
1738,1738,3.701757,0.223251
1739,1739,3.734404,0.225312
1740,1740,3.760975,0.226751
1741,1741,3.777503,0.227829
1742,1742,3.78527,0.228657
1743,1743,3.782063,0.228766
1744,1744,3.773703,0.228462
1745,1745,3.762222,0.227565
1746,1746,3.752514,0.226115
1747,1747,3.742255,0.224837
1748,1748,3.726148,0.223126
1749,1749,3.708671,0.220674
1750,1750,3.687849,0.218018
1751,1751,3.662917,0.215185
1752,1752,3.637494,0.212099
1753,1753,3.609114,0.208737
1754,1754,3.583371,0.206332
1755,1755,3.557621,0.204421
1756,1756,3.531799,0.201781
1757,1757,3.50546,0.198656
1758,1758,3.474467,0.195858
1759,1759,3.437522,0.193104
1760,1760,3.397696,0.190529
1761,1761,3.35897,0.186993
1762,1762,3.326326,0.182566
1763,1763,3.29911,0.178502
1764,1764,3.277952,0.174403
1765,1765,3.265737,0.169882
1766,1766,3.266885,0.165399
1767,1767,3.275254,0.161635
1768,1768,3.285308,0.158782
1769,1769,3.298434,0.156339
1770,1770,3.312773,0.154579
1771,1771,3.327118,0.15404
1772,1772,3.345328,0.154361
1773,1773,3.363076,0.155644
1774,1774,3.380353,0.157974
1775,1775,3.39663,0.16091
1776,1776,3.411637,0.164146
1777,1777,3.429785,0.168149
1778,1778,3.450473,0.172989
1779,1779,3.480584,0.178002
1780,1780,3.52511,0.18324
1781,1781,3.573868,0.188523
1782,1782,3.621701,0.193846
1783,1783,3.668689,0.199005
1784,1784,3.715975,0.203874
1785,1785,3.754006,0.208191
1786,1786,3.785843,0.211846
1787,1787,3.819124,0.214402
1788,1788,3.852818,0.215996
1789,1789,3.888943,0.217319
1790,1790,3.920971,0.217635
1791,1791,3.939395,0.216803
1792,1792,3.947903,0.214883
1793,1793,4.055558,0.198308
1794,1794,4.034348041,0.19611719
1795,1795,3.998883091,0.19386786
1796,1796,3.955125091,0.191982901
1797,1797,3.90881638,0.190678273
1798,1798,3.862172587,0.190048702
1799,1799,3.815516017,0.18964395
1800,1800,3.76810414,0.189032149
1801,1801,3.719257579,0.188314289
1802,1802,3.670624752,0.187584215
1803,1803,3.624091579,0.186598331
1804,1804,3.577938636,0.184890364
1805,1805,3.533816157,0.183729091
1806,1806,3.498773901,0.182332802
1807,1807,3.471679091,0.180484802
1808,1808,3.453553603,0.178253124
1809,1809,3.445806116,0.175760413
1810,1810,3.447622264,0.173380851
1811,1811,3.456982554,0.171667207
1812,1812,3.473684405,0.170633769
1813,1813,3.497416116,0.169307868
1814,1814,3.522274421,0.167120661
1815,1815,3.543962273,0.164856545
1816,1816,3.55821457,0.162811868
1817,1817,3.563440942,0.161088074
1818,1818,3.560409025,0.159722686
1819,1819,3.55221057,0.158801545
1820,1820,3.54227162,0.158421182
1821,1821,3.533220868,0.158812488
1822,1822,3.527288231,0.160480463
1823,1823,3.524013339,0.163473669
1824,1824,3.523843983,0.167094992
1825,1825,3.523962231,0.171139455
1826,1826,3.522485273,0.175914364
1827,1827,3.518289331,0.181709339
1828,1828,3.513339926,0.188503331
1829,1829,3.508401281,0.196339562
1830,1830,3.503685917,0.205339479
1831,1831,3.499567248,0.215464818
1832,1832,3.495282438,0.226347264
1833,1833,3.492169603,0.237358231
1834,1834,3.495428793,0.248373537
1835,1835,3.507858116,0.258476504
1836,1836,3.527755719,0.267243554
1837,1837,3.554226818,0.274163091
1838,1838,3.584427281,0.278601562
1839,1839,3.616663926,0.280387355
1840,1840,3.650973182,0.27983505
1841,1841,3.688467678,0.277375934
1842,1842,3.731012777,0.273246322
1843,1843,3.780512198,0.267565595
1844,1844,3.836455322,0.260776967
1845,1845,3.886289405,0.25335695
1846,1846,3.911543331,0.24544286
1847,1847,3.906921628,0.237282769
1848,1848,3.880379818,0.228707636
1849,1849,3.842686331,0.219580281
1850,1850,3.801198711,0.209898058
1851,1851,3.759808529,0.199830471
1852,1852,3.720743207,0.189791174
1853,1853,3.682951612,0.18023343
1854,1854,3.650771388,0.17155757
1855,1855,3.624991636,0.164303281
1856,1856,3.602147017,0.158211769
1857,1857,3.582691091,0.153405273
1858,1858,3.565240967,0.150047182
1859,1859,3.549846273,0.147722455
1860,1860,3.538440711,0.146226496
1861,1861,3.532288331,0.145488702
1862,1862,3.530232504,0.145021215
1863,1863,3.531769579,0.145117496
1864,1864,3.540280587,0.145094074
1865,1865,3.560393182,0.144909926
1866,1866,3.58574338,0.144134116
1867,1867,3.617446595,0.142478835
1868,1868,3.654922017,0.140162273
1869,1869,3.691221,0.137305091
1870,1870,3.710779636,0.134294
1871,1871,3.701488174,0.131602124
1872,1872,3.669780744,0.129164835
1873,1873,3.634724033,0.126640669
1874,1874,3.606329983,0.123911165
1875,1875,3.587633248,0.121353479
1876,1876,3.569463496,0.119068273
1877,1877,3.547054628,0.116408421
1878,1878,3.521345083,0.113721289
1879,1879,3.497549033,0.111233074
1880,1880,3.479978008,0.108864273
1881,1881,3.470348636,0.106726455
1882,1882,3.467774264,0.105391165
1883,1883,3.466217645,0.105226992
1884,1884,3.463209785,0.105420669
1885,1885,3.46095181,0.105756264
1886,1886,3.458196893,0.106890603
1887,1887,3.450101802,0.108880273
1888,1888,3.435929223,0.110887091
1889,1889,3.417219777,0.112784678
1890,1890,3.396670074,0.114743992
1891,1891,3.376947711,0.116621025
1892,1892,3.359445,0.118226455
1893,1893,3.344273306,0.120095033
1894,1894,3.334390339,0.122340793
1895,1895,3.331499512,0.124832388
1896,1896,3.336914876,0.127096967
1897,1897,3.346629372,0.12956338
1898,1898,3.361536793,0.132465165
1899,1899,3.382813289,0.135940736
1900,1900,3.410016769,0.139941769
1901,1901,3.440924215,0.143891736
1902,1902,3.472252231,0.14732795
1903,1903,3.501619455,0.151474545
1904,1904,3.533204231,0.156593041
1905,1905,3.573063058,0.161555339
1906,1906,3.620219917,0.167216752
1907,1907,3.674058347,0.172975116
1908,1908,3.733258562,0.178652579
1909,1909,3.796122463,0.183666331
1910,1910,3.859533727,0.187615702
1911,1911,3.918482033,0.190579595
1912,1912,3.96739643,0.192712025
1913,1913,4.002153678,0.19376938
1914,1914,4.017547,0.193791
1915,1915,3.974512,0.186436
1916,1916,3.935564,0.185591
1917,1917,3.891243,0.184606
1918,1918,3.843177,0.183705
1919,1919,3.798907,0.182517
1920,1920,3.760696,0.180547
1921,1921,3.725427,0.178245
1922,1922,3.691884,0.176043
1923,1923,3.661814,0.174198
1924,1924,3.629009,0.172357
1925,1925,3.599085,0.170153
1926,1926,3.57728,0.167734
1927,1927,3.558443,0.166019
1928,1928,3.535169,0.164117
1929,1929,3.512088,0.162136
1930,1930,3.486784,0.160643
1931,1931,3.46093,0.159804
1932,1932,3.436813,0.158525
1933,1933,3.417543,0.157097
1934,1934,3.399579,0.15604
1935,1935,3.383563,0.154468
1936,1936,3.367288,0.153289
1937,1937,3.355099,0.152233
1938,1938,3.341432,0.151793
1939,1939,3.327904,0.151583
1940,1940,3.314996,0.151777
1941,1941,3.303803,0.152404
1942,1942,3.292341,0.153523
1943,1943,3.283469,0.154833
1944,1944,3.276855,0.156794
1945,1945,3.273161,0.159261
1946,1946,3.272584,0.162565
1947,1947,3.27468,0.16565
1948,1948,3.280444,0.168587
1949,1949,3.29325,0.172333
1950,1950,3.320236,0.176382
1951,1951,3.362247,0.181087
1952,1952,3.435827,0.186423
1953,1953,3.543457,0.191571
1954,1954,3.65883,0.19436
1955,1955,3.756564,0.195036
1956,1956,3.822929,0.194138
1957,1957,3.853947,0.19353
1958,1958,3.855944,0.193037
1959,1959,3.834081,0.192599
1960,1960,3.795728,0.191252
1961,1961,3.754199,0.189173
1962,1962,3.709124,0.186993
1963,1963,3.66044,0.18511
1964,1964,3.612738,0.183215
1965,1965,3.571293,0.180995
1966,1966,3.538447,0.178276
1967,1967,3.517012,0.174791
1968,1968,3.509232,0.171515
1969,1969,3.518393,0.168796
1970,1970,3.537287,0.165698
1971,1971,3.550878,0.162034
1972,1972,3.554838,0.158719
1973,1973,3.550736,0.15544
1974,1974,3.539082,0.152343
1975,1975,3.524852,0.14937
1976,1976,3.502649,0.147206
1977,1977,3.47248,0.145963
1978,1978,3.442041,0.144424
1979,1979,3.415193,0.142698
1980,1980,3.393894,0.141353
1981,1981,3.37459,0.141133
1982,1982,3.353273,0.141102
1983,1983,3.330102,0.141414
1984,1984,3.302883,0.142715
1985,1985,3.274618,0.144396
1986,1986,3.246527,0.144714
1987,1987,3.226411,0.145427
1988,1988,3.213268,0.145706
1989,1989,3.208903,0.145673
1990,1990,3.213371,0.146385
1991,1991,3.222787,0.147258
1992,1992,3.231829,0.148128
1993,1993,3.243717,0.149928
1994,1994,3.2628,0.151834
1995,1995,3.288191,0.1534
1996,1996,3.317431,0.155436
1997,1997,3.345542,0.157111
1998,1998,3.383238,0.158873
1999,1999,3.432102,0.161087
2000,2000,3.477163,0.163125
2001,2001,3.521841,0.165389
2002,2002,3.569392,0.167182
2003,2003,3.619065,0.168594
2004,2004,3.669432,0.169593
2005,2005,3.716229,0.170643
2006,2006,3.751459,0.171142
2007,2007,3.769312,0.170801
2008,2008,3.774717,0.16995
2009,2009,3.775556,0.169429
2010,2010,3.767607,0.168145
2011,2011,3.749621,0.166142
2012,2012,3.72463,0.163706
2013,2013,3.697459,0.161382
2014,2014,3.670605,0.15883
2015,2015,3.649921,0.156638
2016,2016,3.635022,0.154765
2017,2017,3.620032,0.153602
2018,2018,3.601685,0.152889
2019,2019,3.577926,0.151618
2020,2020,3.551019,0.149806
2021,2021,3.525658,0.149115
2022,2022,3.500362,0.148167
2023,2023,3.473142,0.147821
2024,2024,3.447768,0.147522
2025,2025,3.423992,0.14709
2026,2026,3.398147,0.146266
2027,2027,3.37443,0.145208
2028,2028,3.35213,0.144342
2029,2029,3.333881,0.143848
2030,2030,3.311455,0.142859
2031,2031,3.295077,0.141932
2032,2032,3.279813,0.141832
2033,2033,3.264027,0.14249
2034,2034,3.25158,0.143147
2035,2035,3.248621,0.144472
2036,2036,3.255203,0.14654
2037,2037,3.271137,0.148917
2038,2038,3.293817,0.151326
2039,2039,3.319863,0.153931
2040,2040,3.353003,0.155956
2041,2041,3.389697,0.158183
2042,2042,3.429139,0.160315
2043,2043,3.472579,0.162905
2044,2044,3.519638,0.165338
2045,2045,3.567011,0.166601
2046,2046,3.610145,0.167536
2047,2047,3.641918,0.168636
2048,2048,3.651529,0.169777
2049,2049,3.644497,0.171166
2050,2050,3.631981,0.17294
2051,2051,3.617152,0.174068
2052,2052,3.60293,0.1758
2053,2053,3.588441,0.178048
2054,2054,3.56612,0.180261
2055,2055,3.533167,0.183127
2056,2056,3.498399,0.185924
2057,2057,3.459677,0.189452
2058,2058,3.422642,0.192934
2059,2059,3.389633,0.195999
2060,2060,3.360373,0.199097
2061,2061,3.33955,0.2022
2062,2062,3.329395,0.205083
2063,2063,3.335111,0.207559
2064,2064,3.352493,0.210149
2065,2065,3.374685,0.212675
2066,2066,3.403271,0.214429
2067,2067,3.432827,0.215879
2068,2068,3.465409,0.216642
2069,2069,3.498572,0.217711
2070,2070,3.534902,0.218293
2071,2071,3.573912,0.218027
2072,2072,3.617144,0.2175
2073,2073,3.663661,0.21676
2074,2074,3.716376,0.215396
2075,2075,3.775687,0.214063
2076,2076,3.840769,0.212233
2077,2077,3.89757,0.209431
2078,2078,3.943284,0.206498
2079,2079,3.974686,0.203477
2080,2080,3.992121,0.200487
2081,2081,3.992698,0.198291
2082,2082,3.980003,0.196262
2083,2083,3.958654,0.194304
2084,2084,3.934888,0.191915
2085,2085,3.912872,0.190138
2086,2086,3.892935,0.188125
2087,2087,3.873499,0.185662
2088,2088,3.859732,0.183563
2089,2089,3.843078,0.181158
2090,2090,3.821379,0.17873
2091,2091,3.794455,0.176357
2092,2092,3.760257,0.174463
2093,2093,3.721764,0.172728
2094,2094,3.685394,0.171313
2095,2095,3.652484,0.170278
2096,2096,3.62595,0.169938
2097,2097,3.60217,0.170518
2098,2098,3.577418,0.171317
2099,2099,3.553234,0.172105
2100,2100,3.52811,0.173329
2101,2101,3.499961,0.17478
2102,2102,3.469231,0.176894
2103,2103,3.437051,0.179028
2104,2104,3.407171,0.1818
2105,2105,3.381194,0.184874
2106,2106,3.360967,0.187916
2107,2107,3.354732,0.191037
2108,2108,3.361157,0.194443
2109,2109,3.375826,0.19749
2110,2110,3.387235,0.199852
2111,2111,3.39152,0.201795
2112,2112,3.386817,0.203969
2113,2113,3.374436,0.205493
2114,2114,3.356808,0.206306
2115,2115,3.340802,0.206296
2116,2116,3.327235,0.20625
2117,2117,3.314874,0.206037
2118,2118,3.303974,0.205263
2119,2119,3.294643,0.204152
2120,2120,3.287276,0.202217
2121,2121,3.283389,0.199314
2122,2122,3.283986,0.196326
2123,2123,3.293358,0.193829
2124,2124,3.315478,0.191893
2125,2125,3.349506,0.190282
2126,2126,3.390685,0.188822
2127,2127,3.441984,0.186675
2128,2128,3.494441,0.183759
2129,2129,3.53856,0.180874
2130,2130,3.567074,0.178762
2131,2131,3.57813,0.177518
2132,2132,3.567096,0.177226
2133,2133,3.536252,0.177499
2134,2134,3.49397,0.178076
2135,2135,3.443086,0.178717
2136,2136,3.388355,0.179404
2137,2137,3.335208,0.180589
2138,2138,3.28843,0.182588
2139,2139,3.252041,0.184379
2140,2140,3.226746,0.186749
2141,2141,3.208789,0.18909
2142,2142,3.198059,0.191871
2143,2143,3.19735,0.194959
2144,2144,3.20602,0.197889
2145,2145,3.227342,0.2005
2146,2146,3.261898,0.202684
2147,2147,3.311001,0.204636
2148,2148,3.373406,0.205877
2149,2149,3.45697,0.206623
2150,2150,3.564751,0.206883
2151,2151,3.68875,0.205891
2152,2152,3.809793,0.20265
2153,2153,3.907948,0.199048
2154,2154,3.978601,0.195625
2155,2155,4.023,0.192653
2156,2156,4.037527,0.189743
2157,2157,4.030413,0.186604
2158,2158,4.01559,0.183462
2159,2159,3.998007,0.18037
2160,2160,3.969802,0.177842
2161,2161,3.93063,0.17579
2162,2162,3.881535,0.173841
2163,2163,3.82559,0.171712
2164,2164,3.769392,0.169791
2165,2165,3.714133,0.167947
2166,2166,3.663756,0.165704
2167,2167,3.632356,0.163252
2168,2168,3.615894,0.161
2169,2169,3.602305,0.158753
2170,2170,3.589809,0.156251
2171,2171,3.581321,0.153804
2172,2172,3.582663,0.151388
2173,2173,3.599917,0.149235
2174,2174,3.618684,0.146318
2175,2175,3.609972,0.143887
2176,2176,3.56953,0.142262
2177,2177,3.505698,0.140096
2178,2178,3.44821,0.136548
2179,2179,3.402764,0.134002
2180,2180,3.366841,0.132671
2181,2181,3.333603,0.131211
2182,2182,3.302867,0.130559
2183,2183,3.27498,0.129872
2184,2184,3.253865,0.129656
2185,2185,3.241683,0.130195
2186,2186,3.235939,0.131663
2187,2187,3.236717,0.133593
2188,2188,3.250745,0.136086
2189,2189,3.279988,0.139032
2190,2190,3.313824,0.141769
2191,2191,3.340956,0.144891
2192,2192,3.367033,0.148573
2193,2193,3.398751,0.152619
2194,2194,3.439569,0.156892
2195,2195,3.488521,0.161197
2196,2196,3.541755,0.164488
2197,2197,3.593407,0.167411
2198,2198,3.636883,0.169183
2199,2199,3.667094,0.170676
2200,2200,3.689586,0.172328
2201,2201,3.706761,0.173824
2202,2202,3.719422,0.174719
2203,2203,3.7247,0.173637
2204,2204,3.721281,0.172837
2205,2205,3.701277,0.1717
2206,2206,3.662671,0.170955
2207,2207,3.6164,0.169936
2208,2208,3.563741,0.168171
2209,2209,3.51141,0.166907
2210,2210,3.462723,0.16544
2211,2211,3.419457,0.163576
2212,2212,3.38264,0.161278
2213,2213,3.354505,0.160292
2214,2214,3.340741,0.159866
2215,2215,3.340108,0.160169
2216,2216,3.348953,0.160262
2217,2217,3.362668,0.161166
2218,2218,3.382715,0.162478
2219,2219,3.407834,0.163502
2220,2220,3.429608,0.164319
2221,2221,3.437846,0.164898
2222,2222,3.431073,0.16635
2223,2223,3.414922,0.166581
2224,2224,3.391294,0.165983
2225,2225,3.364608,0.166108
2226,2226,3.336,0.166538
2227,2227,3.309414,0.167304
2228,2228,3.288829,0.168249
2229,2229,3.274316,0.169585
2230,2230,3.262415,0.171452
2231,2231,3.252134,0.173552
2232,2232,3.24356,0.175826
2233,2233,3.238809,0.17867
2234,2234,3.240814,0.18185
2235,2235,3.249121,0.18539
2236,2236,3.264926,0.189555
2237,2237,3.294385,0.193651
2238,2238,3.3445,0.197772
2239,2239,3.407489,0.201006
2240,2240,3.469395,0.203281
2241,2241,3.523532,0.205287
2242,2242,3.569311,0.206481
2243,2243,3.608681,0.20727
2244,2244,3.643912,0.207682
2245,2245,3.674015,0.207579
2246,2246,3.692351,0.207133
2247,2247,3.694924,0.206042
2248,2248,3.67946,0.204828
2249,2249,3.648645,0.203791
2250,2250,3.60962,0.202823
2251,2251,3.564264,0.201558
2252,2252,3.517494,0.199947
2253,2253,3.47157,0.198018
2254,2254,3.423934,0.196364
2255,2255,3.370598,0.194721
2256,2256,3.310823,0.193224
2257,2257,3.251909,0.191057
2258,2258,3.204411,0.188536
2259,2259,3.167055,0.1862
2260,2260,3.139553,0.184451
2261,2261,3.121885,0.183193
2262,2262,3.11032,0.182704
2263,2263,3.098464,0.182069
2264,2264,3.086375,0.180776
2265,2265,3.081414,0.17976
2266,2266,3.090582,0.178509
2267,2267,3.107819,0.177199
2268,2268,3.129583,0.176133
2269,2269,3.154692,0.174677
2270,2270,3.180948,0.174082
2271,2271,3.209637,0.173593
2272,2272,3.241918,0.17313
2273,2273,3.277502,0.172619
2274,2274,3.319338,0.172712
2275,2275,3.367493,0.173102
2276,2276,3.417982,0.173538
2277,2277,3.466202,0.173775
2278,2278,3.514901,0.1741
2279,2279,3.56048,0.173628
2280,2280,3.605587,0.173076
2281,2281,3.649275,0.173384
2282,2282,3.693734,0.173991
2283,2283,3.730822,0.173866
2284,2284,3.752727,0.173037
2285,2285,3.765224,0.172667
2286,2286,3.765845,0.173009
2287,2287,3.758709,0.172584
2288,2288,3.751838,0.171999
2289,2289,3.745211,0.171608
2290,2290,3.731576,0.171317
2291,2291,3.707663,0.170932
2292,2292,3.669246,0.170677
2293,2293,3.614702,0.171002
2294,2294,3.549457,0.171062
2295,2295,3.476318,0.169946
2296,2296,3.404054,0.167719
2297,2297,3.343901,0.165664
2298,2298,3.299515,0.163685
2299,2299,3.263372,0.162209
2300,2300,3.236137,0.161287
2301,2301,3.215951,0.16034
2302,2302,3.202945,0.159069
2303,2303,3.199717,0.158522
2304,2304,3.202791,0.158124
2305,2305,3.21125,0.157954
2306,2306,3.22605,0.158314
2307,2307,3.247955,0.158849
2308,2308,3.278992,0.159623
2309,2309,3.317896,0.160369
2310,2310,3.359968,0.162218
2311,2311,3.404187,0.163651
2312,2312,3.444134,0.165193
2313,2313,3.477694,0.166431
2314,2314,3.504774,0.167876
2315,2315,3.526094,0.16944
2316,2316,3.543355,0.171669
2317,2317,3.555329,0.17402
2318,2318,3.565722,0.176513
2319,2319,3.571088,0.179059
2320,2320,3.573953,0.181447
2321,2321,3.573164,0.183282
2322,2322,3.569788,0.185313
2323,2323,3.563149,0.187187
2324,2324,3.553315,0.188897
2325,2325,3.541707,0.190555
2326,2326,3.528528,0.191555
2327,2327,3.518329,0.191896
2328,2328,3.511952,0.19135
2329,2329,3.505626,0.190558
2330,2330,3.500098,0.189592
2331,2331,3.491404,0.188654
2332,2332,3.473438,0.188004
2333,2333,3.450137,0.18717
2334,2334,3.417481,0.185659
2335,2335,3.377696,0.18391
2336,2336,3.334387,0.182485
2337,2337,3.288838,0.181776
2338,2338,3.236243,0.181116
2339,2339,3.182614,0.180437
2340,2340,3.137825,0.17871
2341,2341,3.107011,0.176245
2342,2342,3.088803,0.17443
2343,2343,3.075305,0.173328
2344,2344,3.068292,0.172164
2345,2345,3.065571,0.171304
2346,2346,3.074235,0.17107
2347,2347,3.094017,0.170992
2348,2348,3.128088,0.170944
2349,2349,3.179465,0.171376
2350,2350,3.244637,0.171896
2351,2351,3.321744,0.171526
2352,2352,3.409333,0.170568
2353,2353,3.504085,0.170423
2354,2354,3.592624,0.169358
2355,2355,3.664421,0.167691
2356,2356,3.71441,0.165937
2357,2357,3.744361,0.164237
2358,2358,3.759452,0.162581
2359,2359,3.762522,0.160869
2360,2360,3.758396,0.159323
2361,2361,3.747537,0.157463
2362,2362,3.73289,0.156668
2363,2363,3.715536,0.155802
2364,2364,3.697086,0.155102
2365,2365,3.677528,0.154045
2366,2366,3.660862,0.152725
2367,2367,3.645523,0.151784
2368,2368,3.629032,0.151664
2369,2369,3.607439,0.151215
2370,2370,3.581013,0.151172
2371,2371,3.547101,0.151489
2372,2372,3.50546,0.15186
2373,2373,3.462468,0.152416
2374,2374,3.417405,0.152795
2375,2375,3.367489,0.153193
2376,2376,3.317947,0.15313
2377,2377,3.269484,0.153976
2378,2378,3.226477,0.154376
2379,2379,3.190258,0.154619
2380,2380,3.163634,0.154821
2381,2381,3.143538,0.155547
2382,2382,3.129226,0.15571
2383,2383,3.125401,0.1558
2384,2384,3.124306,0.155968
2385,2385,3.128889,0.156028
2386,2386,3.14259,0.156257
2387,2387,3.15552,0.156496
2388,2388,3.171686,0.156698
2389,2389,3.19031,0.156985
2390,2390,3.212808,0.157062
2391,2391,3.237116,0.156595
2392,2392,3.266656,0.156044
2393,2393,3.299682,0.155431
2394,2394,3.330912,0.154985
2395,2395,3.358794,0.154224
2396,2396,3.381016,0.153043
2397,2397,3.398409,0.152469
2398,2398,3.419388,0.152189
2399,2399,3.43745,0.151325
2400,2400,3.449872,0.150449
2401,2401,3.452679,0.150108
2402,2402,3.447679,0.149764
2403,2403,3.441435,0.148944
2404,2404,3.434222,0.147922
2405,2405,3.41994,0.147353
2406,2406,3.39923,0.146981
2407,2407,3.374691,0.147621
2408,2408,3.348489,0.147955
2409,2409,3.318389,0.147794
2410,2410,3.281399,0.148497
2411,2411,3.248369,0.149018
2412,2412,3.223079,0.149499
2413,2413,3.199918,0.149393
2414,2414,3.180517,0.149669
2415,2415,3.165969,0.150445
2416,2416,3.154617,0.151289
2417,2417,3.144225,0.152985
2418,2418,3.136339,0.154656
2419,2419,3.126559,0.156742
2420,2420,3.118557,0.158612
2421,2421,3.116232,0.160589
2422,2422,3.126812,0.163101
2423,2423,3.148808,0.16554
2424,2424,3.178217,0.168007
2425,2425,3.213478,0.170361
2426,2426,3.2539,0.172635
2427,2427,3.296366,0.174986
2428,2428,3.346679,0.177647
2429,2429,3.408387,0.180274
2430,2430,3.485403,0.183021
2431,2431,3.584015,0.185279
2432,2432,3.70073,0.186976
2433,2433,3.818425,0.187012
2434,2434,3.92038,0.186337
2435,2435,3.988563,0.185163
2436,2436,4.028386,0.183872
2437,2437,4.051906,0.183129
2438,2438,4.059523,0.182134
2439,2439,4.053526,0.181229
2440,2440,4.039124,0.180434
2441,2441,4.019065,0.179857
2442,2442,3.993992,0.179523
2443,2443,3.966871,0.17927
2444,2444,3.935087,0.178606
2445,2445,3.894394,0.178087
2446,2446,3.846319,0.178221
2447,2447,3.79858,0.177684
2448,2448,3.752471,0.176872
2449,2449,3.7117,0.176417
2450,2450,3.673855,0.176561
2451,2451,3.635307,0.176436
2452,2452,3.592852,0.176854
2453,2453,3.543126,0.177419
2454,2454,3.485656,0.177271
2455,2455,3.421381,0.176095
2456,2456,3.35835,0.173874
2457,2457,3.309387,0.171091
2458,2458,3.270373,0.167836
2459,2459,3.236069,0.163185
2460,2460,3.19909,0.158431
2461,2461,3.165784,0.153689
2462,2462,3.140987,0.148713
2463,2463,3.121887,0.14392
2464,2464,3.108654,0.139991
2465,2465,3.103458,0.137089
2466,2466,3.10894,0.135125
2467,2467,3.118004,0.134492
2468,2468,3.120062,0.134711
2469,2469,3.120518,0.135803
2470,2470,3.124276,0.137025
2471,2471,3.138048,0.139786
2472,2472,3.162504,0.14294
2473,2473,3.198783,0.145799
2474,2474,3.24736,0.149107
2475,2475,3.308007,0.153196
2476,2476,3.384521,0.157646
2477,2477,3.470392,0.161994
2478,2478,3.549297,0.165628
2479,2479,3.609295,0.168931
2480,2480,3.654723,0.173172
2481,2481,3.69756,0.177727
2482,2482,3.748113,0.182647
2483,2483,3.809569,0.187585
2484,2484,3.883331,0.192621
2485,2485,3.965334,0.196765
2486,2486,4.02844,0.197714
2487,2487,4.045757,0.197153
2488,2488,4.023054,0.198006
2489,2489,3.950858,0.197362
2490,2490,3.853882,0.194209
2491,2491,3.762764,0.190468
2492,2492,3.681584,0.186103
2493,2493,3.605855,0.181954
2494,2494,3.535322,0.177439
2495,2495,3.475766,0.173293
2496,2496,3.419611,0.17039
2497,2497,3.365592,0.16783
2498,2498,3.309915,0.165397
2499,2499,3.259465,0.163593
2500,2500,3.218332,0.162645
2501,2501,3.191084,0.162552
2502,2502,3.180499,0.163138
2503,2503,3.187416,0.164541
2504,2504,3.204866,0.166659
2505,2505,3.226539,0.169226
2506,2506,3.246281,0.171717
2507,2507,3.267408,0.174287
2508,2508,3.294788,0.176461
2509,2509,3.336705,0.178747
2510,2510,3.392298,0.180908
2511,2511,3.471375,0.181311
2512,2512,3.565384,0.180903
2513,2513,3.67543,0.179616
2514,2514,3.789865,0.175641
2515,2515,3.897594,0.170167
2516,2516,3.981326,0.162802
2517,2517,4.037252,0.155312
2518,2518,4.080955,0.148577
2519,2519,4.109209,0.143075
2520,2520,4.10655,0.139156
2521,2521,4.064045,0.136918
2522,2522,4.008748,0.134591
2523,2523,3.971278,0.132022
2524,2524,3.963198,0.130539
2525,2525,3.959032,0.129286
2526,2526,3.951437,0.128381
2527,2527,3.93185,0.128105
2528,2528,3.903582,0.128476
2529,2529,3.868284,0.128755
2530,2530,3.813733,0.129822
2531,2531,3.744655,0.130869
2532,2532,3.678436,0.130983
2533,2533,3.628288,0.130236
2534,2534,3.584934,0.130095
2535,2535,3.530512,0.130453
2536,2536,3.456446,0.130896
2537,2537,3.379708,0.130613
2538,2538,3.311524,0.130305
2539,2539,3.255307,0.129738
2540,2540,3.203481,0.129683
2541,2541,3.152001,0.130305
2542,2542,3.102716,0.130875
2543,2543,3.056346,0.132306
2544,2544,3.01254,0.133737
2545,2545,2.978942,0.13499
2546,2546,2.955589,0.136684
2547,2547,2.941641,0.137777
2548,2548,2.952611,0.139393
2549,2549,2.99242,0.141217
2550,2550,3.032185,0.141105
2551,2551,3.057792,0.140943
2552,2552,3.078102,0.14108
2553,2553,3.102887,0.141523
2554,2554,3.127374,0.142634
2555,2555,3.156075,0.143946
2556,2556,3.187314,0.144056
2557,2557,3.213717,0.144056
2558,2558,3.237847,0.145105
2559,2559,3.269092,0.145879
2560,2560,3.301961,0.145584
2561,2561,3.332588,0.145941
2562,2562,3.360124,0.146414
2563,2563,3.37839,0.146835
2564,2564,3.387075,0.14705
2565,2565,3.393588,0.147537
2566,2566,3.397662,0.148117
2567,2567,3.397399,0.149054
2568,2568,3.394141,0.149711
2569,2569,3.388703,0.150734
2570,2570,3.380512,0.151123
2571,2571,3.370661,0.151556
2572,2572,3.355314,0.151621
2573,2573,3.332851,0.150906
2574,2574,3.311975,0.150291
2575,2575,3.290725,0.150117
2576,2576,3.264396,0.149952
2577,2577,3.234962,0.149201
2578,2578,3.207486,0.148282
2579,2579,3.179092,0.14786
2580,2580,3.151122,0.147122
2581,2581,3.128342,0.146039
2582,2582,3.109852,0.145246
2583,2583,3.089168,0.144848
2584,2584,3.067339,0.144551
2585,2585,3.046886,0.143851
2586,2586,3.024837,0.143015
2587,2587,3.005527,0.141566
2588,2588,2.997812,0.139907
2589,2589,3.007838,0.138571
2590,2590,3.020637,0.137143
2591,2591,3.036227,0.136215
2592,2592,3.050856,0.135858
2593,2593,3.073513,0.136416
2594,2594,3.102037,0.137389
2595,2595,3.142256,0.138215
2596,2596,3.185674,0.139671
2597,2597,3.221262,0.14189
2598,2598,3.254738,0.144557
2599,2599,3.300412,0.148045
2600,2600,3.357422,0.151979
2601,2601,3.415586,0.154613
2602,2602,3.466848,0.156675
2603,2603,3.507679,0.158932
2604,2604,3.540084,0.160785
2605,2605,3.570831,0.162433
2606,2606,3.603515,0.163191
2607,2607,3.639052,0.163434
2608,2608,3.669153,0.163865
2609,2609,3.683262,0.163404
2610,2610,3.679943,0.16336
2611,2611,3.663039,0.163417
2612,2612,3.638921,0.162213
2613,2613,3.608744,0.160642
2614,2614,3.573225,0.159123
2615,2615,3.532792,0.157167
2616,2616,3.494819,0.155365
2617,2617,3.454595,0.153804
2618,2618,3.413344,0.152004
2619,2619,3.377142,0.151223
2620,2620,3.344474,0.149723
2621,2621,3.313061,0.14864
2622,2622,3.279154,0.147946
2623,2623,3.248463,0.147822
2624,2624,3.220525,0.147736
2625,2625,3.193106,0.148051
2626,2626,3.168103,0.148403
2627,2627,3.139694,0.149195
2628,2628,3.108251,0.150628
2629,2629,3.079724,0.152123
2630,2630,3.056558,0.153463
2631,2631,3.043184,0.154807
2632,2632,3.03582,0.155909
2633,2633,3.040254,0.156776
2634,2634,3.054768,0.158002
2635,2635,3.071683,0.159173
2636,2636,3.089068,0.159978
2637,2637,3.104282,0.160786
2638,2638,3.126389,0.161295
2639,2639,3.152563,0.161445
2640,2640,3.179702,0.161594
2641,2641,3.208455,0.161307
2642,2642,3.239286,0.161405
2643,2643,3.274044,0.161323
2644,2644,3.316205,0.161546
2645,2645,3.368235,0.161869
2646,2646,3.426383,0.161704
2647,2647,3.483646,0.161786
2648,2648,3.529634,0.161096
2649,2649,3.563885,0.160761
2650,2650,3.590034,0.161008
2651,2651,3.610062,0.161002
2652,2652,3.621701,0.161443
2653,2653,3.626604,0.161917
2654,2654,3.625806,0.162396
2655,2655,3.62113,0.163246
2656,2656,3.611232,0.164582
2657,2657,3.592785,0.166198
2658,2658,3.565072,0.168599
2659,2659,3.527623,0.171494
2660,2660,3.478402,0.174517
2661,2661,3.424417,0.17675
2662,2662,3.371057,0.179017
2663,2663,3.31862,0.181495
2664,2664,3.273532,0.183658
2665,2665,3.234894,0.185753
2666,2666,3.19902,0.188183
2667,2667,3.167659,0.188604
2668,2668,3.141098,0.188503
2669,2669,3.115237,0.188654
2670,2670,3.091582,0.1876
2671,2671,3.071485,0.18628
2672,2672,3.052596,0.184875
2673,2673,3.041157,0.183388
2674,2674,3.033465,0.182214
2675,2675,3.029759,0.181038
2676,2676,3.027482,0.180279
2677,2677,3.031265,0.179358
2678,2678,3.032779,0.178444
2679,2679,3.030956,0.178072
2680,2680,3.03001,0.177999
2681,2681,3.03066,0.178379
2682,2682,3.036044,0.179369
2683,2683,3.045048,0.180601
2684,2684,3.057368,0.182368
2685,2685,3.072035,0.184443
2686,2686,3.089939,0.186716
2687,2687,3.109258,0.189106
2688,2688,3.127431,0.191325
2689,2689,3.145234,0.193612
2690,2690,3.165242,0.196042
2691,2691,3.190907,0.198769
2692,2692,3.222873,0.201394
2693,2693,3.260662,0.204159
2694,2694,3.301695,0.206914
2695,2695,3.344852,0.208664
2696,2696,3.387028,0.210271
2697,2697,3.426094,0.211832
2698,2698,3.462667,0.213449
2699,2699,3.496374,0.215137
2700,2700,3.526693,0.216452
2701,2701,3.552518,0.217822
2702,2702,3.574768,0.2189
2703,2703,3.59173,0.220524
2704,2704,3.60448,0.222182
2705,2705,3.613624,0.22386
2706,2706,3.621204,0.225464
2707,2707,3.629708,0.227241
2708,2708,3.637435,0.228982
2709,2709,3.645854,0.230389
2710,2710,3.654697,0.231521
2711,2711,3.665955,0.233083
2712,2712,3.679157,0.235282
2713,2713,3.693626,0.238213
2714,2714,3.709866,0.241907
2715,2715,3.725515,0.245901
2716,2716,3.740784,0.250358
2717,2717,3.753128,0.255583
2718,2718,3.761536,0.260982
2719,2719,3.764606,0.266496
2720,2720,3.761805,0.272236