age (kyr),d18O (permil),d18O sigma (permil)
0,3.144416,0.130136
1,3.1523,0.126798
2,3.179328,0.128429
3,3.201439,0.129592
4,3.2026,0.131054
5,3.216875,0.132283
6,3.280404,0.13732
7,3.363046,0.158478
8,3.474008,0.195317
9,3.585442,0.229233
10,3.685274,0.230355
11,3.78778,0.21165
12,3.907939,0.190959
13,4.032442,0.175786
14,4.17628,0.167911
15,4.343899,0.161836
16,4.494096,0.155406
17,4.62811,0.147293
18,4.726175,0.136467
19,4.743477,0.13029
20,4.741137,0.129164
21,4.726197,0.124519
22,4.718299,0.117063
23,4.696043,0.114182
24,4.678107,0.111735
25,4.670488,0.108786
26,4.659102,0.111496
27,4.6381,0.123151
28,4.601508,0.135783
29,4.559096,0.141116
30,4.5213,0.139098
31,4.501914,0.134118
32,4.496709,0.129918
33,4.468368,0.124011
34,4.434558,0.116017
35,4.398704,0.109563
36,4.369175,0.107023
37,4.353703,0.107528
38,4.351784,0.109509
39,4.362821,0.110244
40,4.370416,0.111437
41,4.36172,0.116062
42,4.338221,0.123605
43,4.314557,0.129418
44,4.313927,0.12701
45,4.30574,0.119273
46,4.30251,0.113695
47,4.286394,0.111449
48,4.288439,0.109476
49,4.293429,0.107869
50,4.2916,0.107541
51,4.250745,0.110041
52,4.196561,0.112498
53,4.183636,0.111701
54,4.202592,0.108552
55,4.20782,0.109047
56,4.194363,0.115665
57,4.204148,0.123603
58,4.226101,0.133011
59,4.24123,0.14322
60,4.277029,0.148046
61,4.326572,0.141615
62,4.376766,0.129439
63,4.400779,0.11806
64,4.418609,0.110318
65,4.433987,0.107275
66,4.450093,0.106589
67,4.446418,0.107193
68,4.417985,0.110513
69,4.375927,0.117841
70,4.331434,0.128655
71,4.288121,0.140477
72,4.235982,0.150226
73,4.180421,0.155385
74,4.129892,0.154804
75,4.08931,0.149301
76,4.045692,0.140677
77,4.005725,0.132677
78,3.979011,0.126337
79,3.96311,0.121698
80,3.92646,0.117769
81,3.873115,0.114981
82,3.798835,0.116104
83,3.730408,0.121473
84,3.690093,0.128763
85,3.6783,0.13506
86,3.74695,0.138074
87,3.854249,0.137813
88,3.940268,0.136949
89,3.999801,0.137569
90,4.017064,0.135669
91,3.997451,0.134061
92,3.971184,0.130702
93,3.937826,0.1285
94,3.899873,0.128611
95,3.867062,0.130132
96,3.825064,0.130281
97,3.794142,0.127886
98,3.777239,0.124862
99,3.762837,0.123145
100,3.738091,0.1254
101,3.732629,0.131409
102,3.742047,0.139257
103,3.754785,0.145351
104,3.776124,0.148755
105,3.792928,0.149266
106,3.816768,0.148924
107,3.853105,0.148793
108,3.876664,0.150842
109,3.892948,0.157469
110,3.901141,0.169145
111,3.895862,0.182884
112,3.864993,0.195646
113,3.811511,0.206229
114,3.746846,0.215597
115,3.679724,0.225713
116,3.612294,0.236382
117,3.548256,0.245622
118,3.486801,0.25231
119,3.420895,0.25435
120,3.355048,0.250248
121,3.28527,0.241976
122,3.222769,0.233098
123,3.168629,0.226948
124,3.139253,0.227448
125,3.148264,0.239739
126,3.208779,0.264736
127,3.331688,0.293587
128,3.509502,0.309297
129,3.692247,0.305253
130,3.847088,0.289665
131,3.97733,0.275633
132,4.096598,0.268271
133,4.207151,0.263479
134,4.327641,0.255862
135,4.431441,0.24292
136,4.521739,0.223156
137,4.59064,0.197641
138,4.631289,0.169916
139,4.658663,0.146192
140,4.673798,0.131996
141,4.681666,0.126344
142,4.661046,0.124225
143,4.631252,0.121746
144,4.604759,0.117055
145,4.574517,0.112854
146,4.534853,0.109945
147,4.509257,0.10878
148,4.490435,0.112042
149,4.472839,0.119411
150,4.458024,0.128008
151,4.451215,0.135453
152,4.446415,0.140488
153,4.455769,0.142767
154,4.475935,0.143222
155,4.50396,0.142915
156,4.52018,0.140169
157,4.517695,0.134963
158,4.522409,0.128072
159,4.521275,0.121194
160,4.508964,0.117461
161,4.49182,0.118336
162,4.474363,0.120215
163,4.454218,0.120104
164,4.421511,0.117336
165,4.385443,0.113126
166,4.359588,0.110119
167,4.338945,0.110001
168,4.316111,0.111189
169,4.296962,0.113714
170,4.278778,0.117774
171,4.247179,0.123901
172,4.192453,0.13072
173,4.160129,0.135044
174,4.156123,0.135657
175,4.182695,0.131748
176,4.239684,0.124917
177,4.269829,0.115986
178,4.276922,0.109668
179,4.284813,0.110306
180,4.292709,0.117773
181,4.289501,0.132155
182,4.269224,0.148679
183,4.241548,0.15982
184,4.233884,0.165632
185,4.263005,0.164971
186,4.267739,0.163068
187,4.214729,0.162787
188,4.142328,0.164363
189,4.071649,0.164703
190,3.997515,0.161734
191,3.918234,0.156448
192,3.830138,0.150035
193,3.743514,0.145949
194,3.675192,0.146681
195,3.614002,0.153246
196,3.570432,0.163449
197,3.545459,0.174418
198,3.540476,0.185544
199,3.566209,0.196075
200,3.618467,0.206814
201,3.674259,0.216011
202,3.72148,0.224516
203,3.749078,0.231313
204,3.753432,0.234084
205,3.742438,0.231638
206,3.722327,0.224578
207,3.690412,0.213793
208,3.65238,0.200984
209,3.601048,0.187722
210,3.526605,0.1751
211,3.466086,0.163235
212,3.453211,0.157382
213,3.494544,0.158089
214,3.581643,0.16232
215,3.710703,0.168736
216,3.850843,0.172107
217,3.96669,0.172012
218,4.072313,0.168194
219,4.16476,0.160662
220,4.222655,0.152455
221,4.254554,0.146844
222,4.271928,0.145325
223,4.266547,0.146717
224,4.238711,0.151046
225,4.216785,0.156248
226,4.181059,0.16141
227,4.131991,0.165369
228,4.08977,0.167678
229,4.065977,0.168419
230,4.059224,0.168716
231,4.045328,0.169984
232,4.006571,0.172607
233,3.943481,0.175385
234,3.853373,0.17645
235,3.729635,0.17378
236,3.596729,0.1684
237,3.49969,0.167249
238,3.441205,0.174477
239,3.41151,0.189373
240,3.431789,0.205044
241,3.541878,0.21521
242,3.700312,0.217252
243,3.869096,0.212797
244,4.023402,0.203724
245,4.144766,0.191172
246,4.243032,0.17717
247,4.317146,0.163984
248,4.369009,0.151618
249,4.42568,0.140564
250,4.452271,0.130537
251,4.458037,0.122224
252,4.457466,0.115783
253,4.427254,0.112402
254,4.362899,0.111612
255,4.328856,0.111727
256,4.331755,0.11312
257,4.335962,0.114694
258,4.298218,0.117373
259,4.275179,0.119682
260,4.292017,0.121257
261,4.323225,0.120192
262,4.362566,0.11697
263,4.369199,0.112762
264,4.344779,0.110194
265,4.352124,0.109886
266,4.396956,0.110931
267,4.444833,0.112918
268,4.458865,0.114588
269,4.444495,0.117073
270,4.389199,0.118723
271,4.334273,0.12059
272,4.301353,0.123467
273,4.275758,0.126079
274,4.244291,0.128992
275,4.221571,0.131753
276,4.205795,0.135356
277,4.185592,0.139698
278,4.141881,0.143836
279,4.068215,0.145411
280,3.98847,0.143796
281,3.899953,0.139124
282,3.810635,0.132912
283,3.749273,0.128825
284,3.719089,0.128456
285,3.716235,0.131843
286,3.745538,0.13639
287,3.81942,0.138822
288,3.921633,0.137518
289,4.033512,0.133728
290,4.102411,0.13121
291,4.113741,0.130636
292,4.112476,0.132342
293,4.114603,0.135245
294,4.121966,0.137531
295,4.120382,0.13864
296,4.105513,0.13895
297,4.078316,0.139098
298,4.042851,0.139476
299,4.011022,0.139168
300,4.0137815,0.157057
301,4.03043,0.175136
302,4.027254,0.174372
303,4.013692,0.172004
304,3.992907,0.167255
305,3.963906,0.160492
306,3.923737,0.153934
307,3.879908,0.148847
308,3.833073,0.145077
309,3.793915,0.143339
310,3.767188,0.145038
311,3.749136,0.148655
312,3.737652,0.151439
313,3.721801,0.151427
314,3.692237,0.148399
315,3.645699,0.146083
316,3.590209,0.147455
317,3.538614,0.151733
318,3.49867,0.15707
319,3.475816,0.162617
320,3.463445,0.167053
321,3.417989,0.17079
322,3.344095,0.168737
323,3.265879,0.159333
324,3.206014,0.150309
325,3.165994,0.147359
326,3.151432,0.148188
327,3.152191,0.153563
328,3.175922,0.172307
329,3.254004,0.20607
330,3.391387,0.23394
331,3.555046,0.243825
332,3.708984,0.246602
333,3.858649,0.254531
334,4.008605,0.262629
335,4.134563,0.262356
336,4.225573,0.252665
337,4.296467,0.232861
338,4.371503,0.208923
339,4.449534,0.186642
340,4.510925,0.170045
341,4.541846,0.162354
342,4.546281,0.157955
343,4.534398,0.152716
344,4.511918,0.146422
345,4.489936,0.142552
346,4.460315,0.146165
347,4.422044,0.153818
348,4.382723,0.160559
349,4.346296,0.163116
350,4.323022,0.160016
351,4.318307,0.152345
352,4.32356,0.141554
353,4.338538,0.130995
354,4.344576,0.122946
355,4.342887,0.117633
356,4.33696,0.11419
357,4.327229,0.112369
358,4.314955,0.110847
359,4.301372,0.10989
360,4.28476,0.110144
361,4.256708,0.111008
362,4.23023,0.111569
363,4.197709,0.111027
364,4.166974,0.109183
365,4.143799,0.107592
366,4.126995,0.106447
367,4.119188,0.106253
368,4.109354,0.107422
369,4.096047,0.108313
370,4.079604,0.109423
371,4.063094,0.112065
372,4.048531,0.117224
373,4.039959,0.124068
374,4.028287,0.131051
375,4.009505,0.136092
376,3.984545,0.138396
377,3.955989,0.137033
378,3.929697,0.134229
379,3.915067,0.131668
380,3.900563,0.130227
381,3.886108,0.130488
382,3.87108,0.132091
383,3.853547,0.136102
384,3.835093,0.140968
385,3.81274,0.146485
386,3.783513,0.151291
387,3.752904,0.154649
388,3.723073,0.157072
389,3.695919,0.158905
390,3.667652,0.161975
391,3.636319,0.16654
392,3.596324,0.172594
393,3.545674,0.179643
394,3.478693,0.184573
395,3.396299,0.186805
396,3.305605,0.185888
397,3.220336,0.181278
398,3.149896,0.175106
399,3.102883,0.170471
400,3.079748,0.16987
401,3.072364,0.174966
402,3.07885,0.184528
403,3.099159,0.197658
404,3.132813,0.211389
405,3.176006,0.224367
406,3.226017,0.234841
407,3.281152,0.241665
408,3.339348,0.245281
409,3.400952,0.245295
410,3.461152,0.243031
411,3.518555,0.239444
412,3.572564,0.235015
413,3.619495,0.231679
414,3.661646,0.230158
415,3.703796,0.231788
416,3.74696,0.235956
417,3.796639,0.241775
418,3.843886,0.248005
419,3.881312,0.253656
420,3.907174,0.259586
421,3.931719,0.266235
422,3.964733,0.274948
423,4.012554,0.285012
424,4.075217,0.29442
425,4.159952,0.300395
426,4.262573,0.300732
427,4.381709,0.293901
428,4.511868,0.278653
429,4.636019,0.25516
430,4.733859,0.22668
431,4.79386,0.199258
432,4.823968,0.17686
433,4.837117,0.160795
434,4.843567,0.149643
435,4.837406,0.142646
436,4.817735,0.138031
437,4.789082,0.135388
438,4.762229,0.134467
439,4.73817,0.134517
440,4.714973,0.135526
441,4.690468,0.137556
442,4.657719,0.14011
443,4.616972,0.142462
444,4.571048,0.143855
445,4.527798,0.144513
446,4.490037,0.145677
447,4.456182,0.146952
448,4.42392,0.148258
449,4.395399,0.148578
450,4.373812,0.14752
451,4.359211,0.143002
452,4.349504,0.137046
453,4.340737,0.130786
454,4.337315,0.124637
455,4.333914,0.121743
456,4.332298,0.12187
457,4.326016,0.122343
458,4.328015,0.123691
459,4.336204,0.125416
460,4.337207,0.126872
461,4.328522,0.128116
462,4.316701,0.129045
463,4.293793,0.128373
464,4.265304,0.126913
465,4.239557,0.124602
466,4.225323,0.122706
467,4.221495,0.121933
468,4.222793,0.123537
469,4.222435,0.127724
470,4.210351,0.133756
471,4.191016,0.140954
472,4.163419,0.148533
473,4.129922,0.155701
474,4.094848,0.161737
475,4.057948,0.165669
476,4.009842,0.167339
477,3.958206,0.167196
478,3.907044,0.164394
479,3.853046,0.160689
480,3.798475,0.157734
481,3.746726,0.155401
482,3.696973,0.153713
483,3.650025,0.153637
484,3.608083,0.154858
485,3.565689,0.155915
486,3.523377,0.156823
487,3.487724,0.156476
488,3.467199,0.155964
489,3.468598,0.156037
490,3.492073,0.154714
491,3.529047,0.15279
492,3.569997,0.149462
493,3.615006,0.144436
494,3.651667,0.139965
495,3.66956,0.136674
496,3.677369,0.134726
497,3.679265,0.134293
498,3.677902,0.136639
499,3.685838,0.140739
500,3.71169,0.146083
501,3.753543,0.151772
502,3.812491,0.155802
503,3.87807,0.156889
504,3.934508,0.156276
505,3.987213,0.154434
506,4.032144,0.151552
507,4.060992,0.148522
508,4.077722,0.145367
509,4.082481,0.143585
510,4.076515,0.143953
511,4.061999,0.145325
512,4.040056,0.147318
513,4.013329,0.150248
514,3.984257,0.153054
515,3.95405,0.155406
516,3.923256,0.157046
517,3.89753,0.157675
518,3.879355,0.158571
519,3.869017,0.158367
520,3.866019,0.157111
521,3.869179,0.155305
522,3.882086,0.153962
523,3.897258,0.153748
524,3.914614,0.153961
525,3.933161,0.155269
526,3.951218,0.157311
527,3.969191,0.160205
528,3.992317,0.162301
529,4.02518,0.163078
530,4.068794,0.162697
531,4.117265,0.160053
532,4.161061,0.155937
533,4.196684,0.151313
534,4.227276,0.146543
535,4.252697,0.142869
536,4.267441,0.140331
537,4.275627,0.139336
538,4.275438,0.140019
539,4.276469,0.140961
540,4.284369,0.141427
541,4.28929,0.141223
542,4.287285,0.140398
543,4.285521,0.136698
544,4.284823,0.132248
545,4.278675,0.126675
546,4.269791,0.119949
547,4.25771,0.114168
548,4.236212,0.110215
549,4.215169,0.107514
550,4.196533,0.108083
551,4.177424,0.111594
552,4.151546,0.116848
553,4.125106,0.123872
554,4.095701,0.131843
555,4.064974,0.139055
556,4.031106,0.146044
557,3.997525,0.152786
558,3.958186,0.159204
559,3.920122,0.16404
560,3.887835,0.167038
561,3.856139,0.169269
562,3.824558,0.170635
563,3.789063,0.170214
564,3.756497,0.168484
565,3.735064,0.166422
566,3.724995,0.164201
567,3.717808,0.162365
568,3.709166,0.160683
569,3.694242,0.161116
570,3.672316,0.162954
571,3.637484,0.165916
572,3.591798,0.169437
573,3.537748,0.173023
574,3.481101,0.176711
575,3.428549,0.180678
576,3.390335,0.184752
577,3.374822,0.19041
578,3.382365,0.197379
579,3.415354,0.205262
580,3.472999,0.214291
581,3.551523,0.223208
582,3.644225,0.229535
583,3.740829,0.232227
584,3.829078,0.23092
585,3.892951,0.225001
586,3.935795,0.214497
587,3.966423,0.201568
588,3.995317,0.188885
589,4.020362,0.177486
590,4.034096,0.168654
591,4.033914,0.162995
592,4.017709,0.160471
593,3.977098,0.160629
594,3.92584,0.161926
595,3.876164,0.16296
596,3.840699,0.163745
597,3.820033,0.163877
598,3.812214,0.162956
599,3.815537,0.16096
600,3.819939,0.157989
601,3.817622,0.155805
602,3.807999,0.155493
603,3.794291,0.157472
604,3.780482,0.16011
605,3.769162,0.162282
606,3.765163,0.16362
607,3.766512,0.164944
608,3.764309,0.166076
609,3.757807,0.167139
610,3.746183,0.168065
611,3.729552,0.169666
612,3.702849,0.171403
613,3.665831,0.172988
614,3.6205,0.174318
615,3.570593,0.17467
616,3.525917,0.174331
617,3.497581,0.174681
618,3.487985,0.17649
619,3.502288,0.179217
620,3.531928,0.182762
621,3.580811,0.186913
622,3.646771,0.191418
623,3.736691,0.194925
624,3.845476,0.197125
625,3.964625,0.198404
626,4.091838,0.198778
627,4.218831,0.196526
628,4.337736,0.19388
629,4.447026,0.191523
630,4.544667,0.188881
631,4.63217,0.186658
632,4.704326,0.184154
633,4.746187,0.180414
634,4.76108,0.176526
635,4.758897,0.172113
636,4.749332,0.167253
637,4.735757,0.162844
638,4.718736,0.158767
639,4.702213,0.154763
640,4.688139,0.152225
641,4.677801,0.149056
642,4.669664,0.145613
643,4.659866,0.141521
644,4.648617,0.137563
645,4.634142,0.134185
646,4.619648,0.130713
647,4.605537,0.126364
648,4.596613,0.122092
649,4.583965,0.118088
650,4.573154,0.114101
651,4.562058,0.109595
652,4.549373,0.106108
653,4.537803,0.103649
654,4.52475,0.1017
655,4.505483,0.100787
656,4.484699,0.100823
657,4.470049,0.101357
658,4.455425,0.101977
659,4.442675,0.104175
660,4.435385,0.106753
661,4.426078,0.110027
662,4.416842,0.113421
663,4.406167,0.115808
664,4.396971,0.118759
665,4.385131,0.122137
666,4.374163,0.124666
667,4.363255,0.12711
668,4.34882,0.128799
669,4.332801,0.129932
670,4.316392,0.129577
671,4.302414,0.128997
672,4.288222,0.126059
673,4.278302,0.122494
674,4.269193,0.119516
675,4.260751,0.117211
676,4.252037,0.116041
677,4.246782,0.116738
678,4.243405,0.119348
679,4.231831,0.12194
680,4.217085,0.125849
681,4.198028,0.129846
682,4.177153,0.133134
683,4.158602,0.134995
684,4.132705,0.136674
685,4.101757,0.137103
686,4.07754,0.137008
687,4.057554,0.137603
688,4.039321,0.140454
689,4.021098,0.145388
690,3.999833,0.152345
691,3.977887,0.160962
692,3.837179,0.174063
693,NaN,NaN
694,NaN,NaN
695,NaN,NaN
696,NaN,NaN
697,NaN,NaN
698,3.503251,0.16941
699,3.478464,0.167975
700,3.462435,0.168174
701,3.449151,0.169366
702,3.437768,0.171019
703,3.426547,0.172845
704,3.420508,0.175245
705,3.433842,0.178541
706,3.456555,0.181798
707,3.488387,0.184876
708,3.526199,0.187043
709,3.563708,0.18803
710,3.605121,0.188983
711,3.65051,0.18913
712,3.695586,0.187877
713,3.73582,0.186149
714,3.77359,0.18461
715,3.808208,0.182987
716,3.838144,0.181571
717,3.868759,0.180043
718,3.902751,0.178265
719,3.944632,0.176336
720,3.995879,0.174107
721,4.054784,0.170684
722,4.120508,0.1659
723,4.188949,0.159858
724,4.245151,0.152741
725,4.279886,0.145111
726,4.304077,0.138215
727,4.323778,0.131946
728,4.335839,0.126506
729,4.335916,0.121815
730,4.323487,0.118417
731,4.28342,0.116914
732,4.231552,0.115076
733,4.179293,0.115161
734,4.121307,0.116235
735,4.054611,0.117784
736,3.993687,0.119312
737,3.948284,0.120579
738,3.924154,0.122096
739,3.91619,0.124284
740,3.926751,0.126769
741,3.957909,0.129002
742,3.992226,0.129463
743,4.023901,0.129408
744,4.044311,0.130529
745,4.053893,0.131502
746,4.056079,0.133292
747,4.065536,0.135572
748,4.086391,0.136589
749,4.116149,0.136992
750,4.159363,0.136396
751,4.212825,0.134511
752,4.255121,0.133019
753,4.270575,0.131664
754,4.276134,0.131178
755,4.272431,0.13192
756,4.256825,0.133799
757,4.234782,0.136873
758,4.208704,0.14101
759,4.17524,0.146644
760,4.142673,0.151008
761,4.107949,0.155461
762,4.071612,0.160136
763,4.035029,0.163333
764,3.990888,0.165512
765,3.942341,0.167178
766,3.906565,0.168016
767,3.885321,0.168405
768,3.869125,0.169486
769,3.843345,0.171405
770,3.815571,0.174307
771,3.799196,0.178703
772,3.776464,0.182589
773,3.741209,0.186282
774,3.693127,0.190433
775,3.666331,0.192588
776,3.655772,0.192807
777,3.615859,0.19231
778,3.550468,0.190698
779,3.498176,0.187999
780,3.459445,0.186383
781,3.421657,0.185348
782,3.388456,0.185227
783,3.365671,0.185327
784,3.346097,0.185636
785,3.332845,0.186598
786,3.352832,0.186744
787,3.375573,0.185377
788,3.402835,0.184132
789,3.45552,0.183303
790,3.520207,0.181595
791,3.595732,0.179337
792,3.678388,0.176928
793,3.76101,0.174522
794,3.857182,0.171779
795,3.962035,0.167806
796,4.064787,0.162899
797,4.163035,0.157563
798,4.247546,0.151846
799,4.314691,0.14611
800,4.358545,0.140888
801,4.373454,0.135398
802,4.36617,0.129929
803,4.348784,0.125345
804,4.325505,0.121889
805,4.299943,0.119161
806,4.276148,0.1176
807,4.260483,0.117624
808,4.242737,0.118842
809,4.220362,0.12112
810,4.192163,0.124336
811,4.154125,0.127914
812,4.110261,0.131181
813,4.077316,0.133964
814,4.045818,0.13668
815,4.006157,0.139872
816,3.962871,0.143219
817,3.910294,0.146552
818,3.848177,0.150203
819,3.783473,0.153074
820,3.726876,0.155297
821,3.685647,0.156585
822,3.654754,0.157926
823,3.631644,0.159982
824,3.615783,0.161728
825,3.612467,0.163787
826,3.629145,0.166505
827,3.6682,0.168599
828,3.715301,0.169076
829,3.755958,0.169551
830,3.78182,0.168817
831,3.7939,0.167081
832,3.797649,0.165389
833,3.798257,0.164149
834,3.797003,0.162215
835,3.787564,0.159974
836,3.774484,0.157325
837,3.763959,0.155057
838,3.757726,0.15247
839,3.752274,0.149874
840,3.746467,0.147496
841,3.739647,0.145713
842,3.726824,0.14366
843,3.713564,0.140859
844,3.70078,0.13815
845,3.685191,0.135418
846,3.643868,0.131843
847,3.595813,0.128208
848,3.57153,0.126079
849,3.560003,0.125052
850,3.545292,0.125759
851,3.521982,0.127801
852,3.489664,0.130601
853,3.455498,0.134773
854,3.419694,0.138975
855,3.397073,0.142682
856,3.41913,0.14686
857,3.465866,0.149792
858,3.493044,0.151163
859,3.48793,0.15314
860,3.448617,0.155997
861,3.3873,0.159095
862,3.333495,0.161676
863,3.299785,0.166938
864,3.29087,0.173822
865,3.298481,0.182162
866,3.322998,0.191193
867,3.366109,0.200282
868,3.431078,0.208832
869,3.526682,0.214976
870,3.652892,0.217911
871,3.806112,0.217217
872,3.968658,0.21111
873,4.115595,0.200612
874,4.234829,0.189278
875,4.330557,0.177532
876,4.401083,0.166183
877,4.452465,0.156003
878,4.488452,0.14723
879,4.507322,0.13994
880,4.505286,0.133891
881,4.48343,0.129632
882,4.443964,0.12807
883,4.392632,0.127032
884,4.339198,0.126748
885,4.298299,0.12552
886,4.282189,0.125069
887,4.277252,0.125389
888,4.274467,0.125731
889,4.272495,0.125278
890,4.270014,0.125282
891,4.264635,0.125007
892,4.26163,0.124832
893,4.255167,0.12391
894,4.245218,0.124018
895,4.227953,0.125093
896,4.200972,0.12716
897,4.168293,0.128965
898,4.126634,0.12882
899,4.094385,0.128412
900,4.064149,0.126694
901,4.029708,0.124234
902,3.990346,0.12198
903,3.960735,0.1196
904,3.93906,0.117594
905,3.920208,0.116056
906,3.905249,0.115565
907,3.89399,0.11522
908,3.894998,0.114234
909,3.899965,0.113764
910,3.908437,0.114472
911,3.916146,0.1163
912,3.928502,0.118439
913,3.95114,0.121468
914,3.983022,0.12535
915,4.024096,0.128481
916,4.08598,0.13113
917,4.171015,0.132772
918,4.254997,0.13102
919,4.292936,0.127631
920,4.292781,0.125771
921,4.272876,0.124726
922,4.241932,0.124872
923,4.208049,0.126647
924,4.156595,0.130009
925,4.091858,0.13357
926,4.056886,0.136838
927,4.053064,0.141663
928,4.045576,0.146684
929,4.030756,0.151133
930,3.993428,0.154434
931,3.944823,0.156301
932,3.902058,0.155939
933,3.867782,0.154672
934,3.836544,0.152745
935,3.805739,0.150402
936,3.787192,0.14812
937,3.78229,0.147653
938,3.756446,0.147637
939,3.688159,0.148287
940,3.602135,0.147233
941,3.554133,0.144644
942,3.560895,0.142796
943,3.589446,0.140411
944,3.579946,0.137415
945,3.54186,0.133373
946,3.506234,0.129182
947,3.471739,0.125834
948,3.422667,0.123393
949,3.370483,0.121055
950,3.333759,0.12065
951,3.276812,0.122779
952,3.205123,0.124999
953,3.161136,0.127978
954,3.15623,0.132519
955,3.149027,0.137001
956,3.123353,0.142334
957,3.121134,0.147339
958,3.185041,0.15461
959,3.325313,0.161362
960,3.508754,0.16477
961,3.686416,0.16553
962,3.827023,0.165442
963,3.94007,0.16441
964,4.029726,0.16166
965,4.090555,0.159531
966,4.124641,0.158637
967,4.130548,0.159323
968,4.099889,0.160977
969,4.059896,0.163533
970,4.024867,0.166598
971,3.988454,0.169792
972,3.93832,0.173411
973,3.877323,0.174941
974,3.828196,0.177048
975,3.795422,0.179237
976,3.770636,0.18089
977,3.74646,0.182912
978,3.701141,0.184993
979,3.63538,0.186812
980,3.578627,0.187452
981,3.54541,0.188406
982,3.539062,0.189302
983,3.549398,0.189686
984,3.574856,0.190425
985,3.619829,0.191694
986,3.671684,0.190987
987,3.717898,0.189917
988,3.760049,0.188543
989,3.800877,0.186257
990,3.832311,0.183465
991,3.852855,0.180882
992,3.862724,0.178342
993,3.860948,0.175254
994,3.848186,0.172608
995,3.826165,0.170721
996,3.797766,0.169238
997,3.767013,0.167603
998,3.74032,0.166532
999,3.711436,0.166109
1000,3.687167,0.166713
1001,3.665182,0.167234
1002,3.648428,0.1673
1003,3.638806,0.16792
1004,3.638921,0.168759
1005,3.652019,0.170001
1006,3.684371,0.17085
1007,3.734122,0.170694
1008,3.797568,0.170124
1009,3.879568,0.169384
1010,3.963871,0.165801
1011,4.006045,0.162481
1012,4.01365,0.160197
1013,4.028455,0.157939
1014,4.038744,0.155333
1015,4.019427,0.152899
1016,3.987691,0.151116
1017,3.947878,0.14924
1018,3.891926,0.147778
1019,3.83915,0.14689
1020,3.804479,0.146465
1021,3.767112,0.146552
1022,3.735928,0.146901
1023,3.697599,0.147764
1024,3.654294,0.149139
1025,3.618485,0.149193
1026,3.595229,0.148993
1027,3.584473,0.148443
1028,3.575669,0.147652
1029,3.56415,0.14678
1030,3.555405,0.146136
1031,3.554707,0.14536
1032,3.571317,0.144569
1033,3.600729,0.142548
1034,3.640385,0.140485
1035,3.684433,0.137746
1036,3.727772,0.134871
1037,3.793182,0.131791
1038,3.904527,0.127656
1039,4.015395,0.122053
1040,4.086863,0.116681
1041,4.132761,0.113238
1042,4.158675,0.111184
1043,4.15064,0.110875
1044,4.120969,0.112045
1045,4.096111,0.112913
1046,4.086589,0.115381
1047,4.080287,0.118001
1048,4.06935,0.119651
1049,4.047927,0.121077
1050,4.013759,0.121898
1051,3.981779,0.122493
1052,3.959524,0.123341
1053,3.943994,0.124006
1054,3.937875,0.123452
1055,3.925181,0.12332
1056,3.907915,0.122588
1057,3.893661,0.12348
1058,3.883551,0.123583
1059,3.87455,0.12389
1060,3.867048,0.124753
1061,3.859827,0.126442
1062,3.840644,0.12814
1063,3.799887,0.130728
1064,3.729713,0.132998
1065,3.647818,0.135977
1066,3.544297,0.138721
1067,3.436133,0.140019
1068,3.3402,0.141577
1069,3.258505,0.142745
1070,3.200813,0.142904
1071,3.14768,0.144212
1072,3.09085,0.145069
1073,3.045904,0.144668
1074,3.020315,0.144225
1075,3.015674,0.143727
1076,3.032486,0.143991
1077,3.06679,0.144541
1078,3.115171,0.145465
1079,3.184928,0.146116
1080,3.268421,0.14721
1081,3.35466,0.148236
1082,3.431035,0.146896
1083,3.489119,0.145941
1084,3.5296,0.145427
1085,3.562402,0.144729
1086,3.605172,0.143937
1087,3.650896,0.143025
1088,3.692837,0.141902
1089,3.725071,0.140268
1090,3.747817,0.137747
1091,3.766984,0.136233
1092,3.786205,0.135142
1093,3.809312,0.134487
1094,3.83094,0.133944
1095,3.851966,0.133589
1096,3.869874,0.133372
1097,3.882865,0.134428
1098,3.896542,0.134509
1099,3.90952,0.134559
1100,3.927669,0.134309
1101,3.94394,0.134121
1102,3.956944,0.134664
1103,3.970673,0.1346
1104,3.971724,0.134413
1105,3.960126,0.134161
1106,3.943698,0.134516
1107,3.913656,0.135434
1108,3.876448,0.135191
1109,3.83568,0.134928
1110,3.798177,0.135129
1111,3.7664,0.135856
1112,3.743277,0.137428
1113,3.716199,0.139745
1114,3.678926,0.142393
1115,3.634059,0.144661
1116,3.599019,0.145738
1117,3.588647,0.147332
1118,3.599341,0.149017
1119,3.634984,0.150415
1120,3.693651,0.151409
1121,3.764714,0.151336
1122,3.831327,0.150613
1123,3.884968,0.149244
1124,3.922495,0.148601
1125,3.946818,0.148886
1126,3.967849,0.149447
1127,4.003049,0.149845
1128,4.045188,0.151152
1129,4.094671,0.151831
1130,4.146553,0.15171
1131,4.171118,0.152138
1132,4.186031,0.15355
1133,4.192236,0.155393
1134,4.184454,0.158337
1135,4.16409,0.161979
1136,4.138555,0.166339
1137,4.10781,0.171315
1138,4.066586,0.176089
1139,4.028285,0.179125
1140,4.00329,0.181346
1141,3.991343,0.183456
1142,3.973666,0.185908
1143,3.947947,0.187909
1144,3.913843,0.190261
1145,3.8771,0.192478
1146,3.842921,0.193523
1147,3.810808,0.194717
1148,3.786697,0.195864
1149,3.76518,0.195985
1150,3.742557,0.195524
1151,3.724489,0.193791
1152,3.713651,0.191366
1153,3.705273,0.189096
1154,3.690595,0.185549
1155,3.677052,0.180558
1156,3.665387,0.175303
1157,3.653779,0.170802
1158,3.63719,0.166095
1159,3.614972,0.161455
1160,3.593789,0.15782
1161,3.575506,0.153957
1162,3.55909,0.150828
1163,3.538698,0.148058
1164,3.51586,0.146092
1165,3.486474,0.144176
1166,3.456076,0.141316
1167,3.433471,0.138208
1168,3.416589,0.136394
1169,3.404892,0.135771
1170,3.394858,0.136322
1171,3.386373,0.137124
1172,3.383006,0.139532
1173,3.386818,0.142574
1174,3.395423,0.146365
1175,3.412809,0.150554
1176,3.440855,0.15452
1177,3.476021,0.159417
1178,3.518754,0.16398
1179,3.560537,0.166737
1180,3.597778,0.169313
1181,3.627374,0.170281
1182,3.6427,0.170305
1183,3.647081,0.171092
1184,3.640807,0.170149
1185,3.629967,0.167572
1186,3.622313,0.165018
1187,3.61381,0.162105
1188,3.605629,0.15921
1189,3.597368,0.156795
1190,3.600921,0.154241
1191,3.607849,0.152895
1192,3.611263,0.151965
1193,3.620423,0.152293
1194,3.650557,0.154105
1195,3.700571,0.156778
1196,3.77151,0.159939
1197,3.846871,0.159888
1198,3.915178,0.158274
1199,3.976807,0.157381
1200,4.041252,0.156651
1201,4.105376,0.155111
1202,4.157941,0.152523
1203,4.197865,0.14911
1204,4.231548,0.144798
1205,4.254142,0.140168
1206,4.260732,0.136383
1207,4.25346,0.133374
1208,4.238121,0.130911
1209,4.219706,0.128815
1210,4.201727,0.127746
1211,4.185402,0.126268
1212,4.169321,0.126302
1213,4.147196,0.127917
1214,4.122691,0.129568
1215,4.097246,0.132554
1216,4.06027,0.134826
1217,4.022121,0.13766
1218,3.995702,0.140736
1219,3.976451,0.144598
1220,3.94702,0.149414
1221,3.902271,0.15628
1222,3.845231,0.163225
1223,3.789304,0.168919
1224,3.745726,0.173506
1225,3.721504,0.177275
1226,3.712415,0.181815
1227,3.714696,0.186758
1228,3.725824,0.191255
1229,3.720911,0.193925
1230,3.688405,0.196124
1231,3.644183,0.196587
1232,3.60056,0.19716
1233,3.563844,0.19735
1234,3.521789,0.196183
1235,3.467243,0.19259
1236,3.409318,0.188439
1237,3.354299,0.184039
1238,3.308258,0.179712
1239,3.273303,0.176507
1240,3.244243,0.173546
1241,3.216797,0.171518
1242,3.192109,0.170294
1243,3.171026,0.169637
1244,3.152961,0.170216
1245,3.142032,0.171909
1246,3.144758,0.173046
1247,3.155997,0.175035
1248,3.182658,0.177405
1249,3.239826,0.17998
1250,3.326938,0.182708
1251,3.437127,0.184322
1252,3.573131,0.184913
1253,3.725156,0.182888
1254,3.858919,0.179469
1255,3.958833,0.176902
1256,4.027097,0.173309
1257,4.062814,0.169908
1258,4.084088,0.167142
1259,4.110123,0.16458
1260,4.141261,0.161259
1261,4.160839,0.156397
1262,4.157108,0.152684
1263,4.128427,0.149604
1264,4.082336,0.146856
1265,4.033507,0.143951
1266,3.988579,0.140535
1267,3.957131,0.136157
1268,3.940121,0.132786
1269,3.927762,0.130562
1270,3.91692,0.128371
1271,3.897967,0.126974
1272,3.868359,0.125783
1273,3.829211,0.125174
1274,3.776382,0.124483
1275,3.717827,0.123873
1276,3.662785,0.123329
1277,3.623452,0.12234
1278,3.589605,0.122589
1279,3.550457,0.123263
1280,3.509236,0.123764
1281,3.479386,0.124925
1282,3.458243,0.127177
1283,3.446823,0.130372
1284,3.445049,0.134631
1285,3.463661,0.140296
1286,3.5094,0.146698
1287,3.574114,0.152428
1288,3.653236,0.158193
1289,3.743169,0.162684
1290,3.833676,0.166077
1291,3.909725,0.168501
1292,3.96625,0.168787
1293,4.001939,0.168135
1294,4.02007,0.167068
1295,4.024301,0.165682
1296,4.018192,0.164334
1297,4.009217,0.162325
1298,3.993604,0.159464
1299,3.97784,0.156696
1300,3.964668,0.15439
1301,3.951432,0.152014
1302,3.935044,0.150017
1303,3.916958,0.148134
1304,3.892359,0.146363
1305,3.869246,0.144925
1306,3.851312,0.14381
1307,3.835177,0.142805
1308,3.82082,0.142362
1309,3.806987,0.142138
1310,3.789704,0.142068
1311,3.768223,0.143128
1312,3.73756,0.144297
1313,3.697641,0.144814
1314,3.644776,0.144412
1315,3.595244,0.142993
1316,3.55921,0.14155
1317,3.53298,0.139415
1318,3.500911,0.137617
1319,3.463144,0.135272
1320,3.440373,0.133106
1321,3.453272,0.132132
1322,3.499531,0.131686
1323,3.57378,0.131256
1324,3.665739,0.13048
1325,3.75246,0.127377
1326,3.814506,0.123563
1327,3.853082,0.119848
1328,3.878012,0.117275
1329,3.891448,0.115553
1330,3.90035,0.114281
1331,3.906985,0.113061
1332,3.914115,0.112633
1333,3.921185,0.112278
1334,3.924899,0.112823
1335,3.931393,0.114021
1336,3.9391,0.115149
1337,3.949489,0.116258
1338,3.959213,0.117002
1339,3.965873,0.117967
1340,3.969768,0.11958
1341,3.969871,0.121007
1342,3.966353,0.122377
1343,3.963679,0.124446
1344,3.953774,0.126834
1345,3.93544,0.128851
1346,3.918918,0.131522
1347,3.900646,0.133583
1348,3.877495,0.135621
1349,3.845937,0.137734
1350,3.809044,0.140354
1351,3.757626,0.142672
1352,3.678316,0.14575
1353,3.575793,0.147108
1354,3.476248,0.147247
1355,3.387299,0.145981
1356,3.315407,0.145925
1357,3.254041,0.14626
1358,3.209164,0.146496
1359,3.183716,0.146359
1360,3.178096,0.146851
1361,3.190188,0.147605
1362,3.223276,0.1485
1363,3.272687,0.148704
1364,3.329156,0.149036
1365,3.389935,0.149437
1366,3.455045,0.149703
1367,3.525197,0.149967
1368,3.603684,0.149506
1369,3.688642,0.147948
1370,3.759988,0.145439
1371,3.810709,0.143522
1372,3.858095,0.142961
1373,3.904555,0.142458
1374,3.944849,0.14082
1375,3.971363,0.139774
1376,3.984913,0.138976
1377,3.985918,0.138857
1378,3.984529,0.139084
1379,3.977823,0.139701
1380,3.971282,0.141499
1381,3.961308,0.142729
1382,3.951462,0.142764
1383,3.941276,0.143487
1384,3.935239,0.144767
1385,3.923918,0.146204
1386,3.899907,0.148286
1387,3.865084,0.150129
1388,3.820899,0.152021
1389,3.769033,0.152501
1390,3.714069,0.15228
1391,3.66141,0.152268
1392,3.615951,0.151483
1393,3.579614,0.150577
1394,3.547547,0.149294
1395,3.51916,0.147731
1396,3.483848,0.145886
1397,3.445153,0.144401
1398,3.399175,0.142567
1399,3.351609,0.140818
1400,3.315095,0.139197
1401,3.297362,0.138203
1402,3.306415,0.138086
1403,3.339189,0.138798
1404,3.383343,0.139631
1405,3.428764,0.140156
1406,3.477639,0.141238
1407,3.528162,0.142249
1408,3.579065,0.14373
1409,3.636498,0.144517
1410,3.702826,0.144183
1411,3.774806,0.144476
1412,3.846595,0.144427
1413,3.909174,0.144276
1414,3.957018,0.142794
1415,3.985641,0.14137
1416,3.999773,0.140665
1417,4.002136,0.14017
1418,3.994594,0.139709
1419,3.973494,0.139199
1420,3.948109,0.138024
1421,3.921307,0.136995
1422,3.888145,0.136296
1423,3.85506,0.135039
1424,3.825143,0.133793
1425,3.796493,0.132979
1426,3.76689,0.132727
1427,3.727445,0.132915
1428,3.672228,0.133405
1429,3.608131,0.134127
1430,3.545367,0.132986
1431,3.488956,0.131571
1432,3.433238,0.130832
1433,3.378717,0.129738
1434,3.329689,0.128154
1435,3.28026,0.126925
1436,3.234415,0.125926
1437,3.192544,0.125371
1438,3.154324,0.125138
1439,3.115334,0.124717
1440,3.084958,0.124625
1441,3.072516,0.125059
1442,3.074459,0.125947
1443,3.081265,0.128332
1444,3.086351,0.13115
1445,3.090261,0.135224
1446,3.094844,0.140183
1447,3.11255,0.146356
1448,3.156187,0.153503
1449,3.241546,0.160657
1450,3.368693,0.167303
1451,3.517954,0.173281
1452,3.670733,0.176813
1453,3.80809,0.179717
1454,3.922225,0.181331
1455,4.005615,0.18148
1456,4.055074,0.181164
1457,4.074301,0.181182
1458,4.07577,0.181288
1459,4.068022,0.181859
1460,4.046964,0.182573
1461,4.010336,0.183277
1462,3.964007,0.183312
1463,3.914557,0.182889
1464,3.867829,0.182518
1465,3.821425,0.182554
1466,3.771299,0.183248
1467,3.714723,0.183525
1468,3.654622,0.183226
1469,3.59243,0.183083
1470,3.529605,0.1828
1471,3.467405,0.181784
1472,3.411029,0.180384
1473,3.361436,0.178231
1474,3.32119,0.175767
1475,3.290717,0.173782
1476,3.268241,0.171725
1477,3.25405,0.170275
1478,3.244383,0.168451
1479,3.241329,0.166053
1480,3.233802,0.16475
1481,3.222683,0.16315
1482,3.218908,0.161827
1483,3.217953,0.160881
1484,3.22275,0.160559
1485,3.240399,0.160942
1486,3.285783,0.161981
1487,3.371965,0.164403
1488,3.500307,0.167084
1489,3.647784,0.1695
1490,3.79192,0.171891
1491,3.91128,0.172338
1492,3.998664,0.172105
1493,4.058081,0.17253
1494,4.099621,0.17481
1495,4.130997,0.178242
1496,4.156671,0.182299
1497,4.176118,0.186823
1498,4.189732,0.192045
1499,4.197854,0.197713
1500,4.131613,0.13602
1501,4.102886,0.135778
1502,4.074401,0.135396
1503,4.045358,0.135262
1504,4.017926,0.135167
1505,3.988852,0.135604
1506,3.952361,0.136269
1507,3.910351,0.137202
1508,3.859031,0.13714
1509,3.805185,0.13604
1510,3.756959,0.13487
1511,3.717254,0.134349
1512,3.686368,0.133686
1513,3.663412,0.133426
1514,3.650241,0.133579
1515,3.650911,0.133957
1516,3.667465,0.134837
1517,3.698793,0.136168
1518,3.743263,0.138013
1519,3.802455,0.139238
1520,3.872044,0.138804
1521,3.92956,0.137804
1522,3.975658,0.137634
1523,4.029043,0.138108
1524,4.099921,0.139065
1525,4.185264,0.137793
1526,4.258168,0.133918
1527,4.305443,0.130806
1528,4.332183,0.128225
1529,4.346229,0.12624
1530,4.354355,0.124779
1531,4.356151,0.123619
1532,4.350589,0.122551
1533,4.340753,0.12189
1534,4.324052,0.12174
1535,4.296999,0.122366
1536,4.261002,0.124231
1537,4.212981,0.126718
1538,4.153433,0.129816
1539,4.094783,0.132488
1540,4.047574,0.135258
1541,4.011682,0.138244
1542,3.98429,0.142174
1543,3.959828,0.147412
1544,3.934662,0.152957
1545,3.906579,0.157645
1546,3.875608,0.162145
1547,3.840705,0.165821
1548,3.80361,0.168583
1549,3.77219,0.170533
1550,3.746599,0.171558
1551,3.728153,0.171868
1552,3.718721,0.171659
1553,3.715652,0.171161
1554,3.71772,0.170761
1555,3.72068,0.170274
1556,3.718206,0.169774
1557,3.70375,0.168875
1558,3.678905,0.167713
1559,3.651774,0.166524
1560,3.632991,0.165323
1561,3.629237,0.164638
1562,3.639521,0.164075
1563,3.663278,0.163084
1564,3.703316,0.162136
1565,3.754356,0.161291
1566,3.817025,0.160907
1567,3.894435,0.160015
1568,3.976652,0.157442
1569,4.049041,0.153774
1570,4.104174,0.150604
1571,4.142532,0.147609
1572,4.169554,0.144591
1573,4.178026,0.141767
1574,4.159806,0.140303
1575,4.123497,0.138415
1576,4.087114,0.135306
1577,4.057232,0.133559
1578,4.032702,0.132532
1579,4.007091,0.132026
1580,3.979882,0.131956
1581,3.95293,0.132665
1582,3.928321,0.133835
1583,3.905089,0.135797
1584,3.884158,0.137964
1585,3.864118,0.140476
1586,3.844559,0.143783
1587,3.821448,0.146686
1588,3.798529,0.148561
1589,3.778144,0.149757
1590,3.760581,0.150669
1591,3.745988,0.151512
1592,3.731919,0.15219
1593,3.719344,0.152713
1594,3.704918,0.152573
1595,3.685328,0.152424
1596,3.659688,0.152221
1597,3.631007,0.151427
1598,3.600196,0.150463
1599,3.568362,0.15002
1600,3.535845,0.149561
1601,3.504225,0.14903
1602,3.474285,0.148123
1603,3.450271,0.147463
1604,3.437965,0.147159
1605,3.439927,0.147873
1606,3.453389,0.148757
1607,3.475262,0.149041
1608,3.511159,0.148336
1609,3.55066,0.14613
1610,3.586769,0.143613
1611,3.62086,0.141575
1612,3.652288,0.140104
1613,3.680487,0.137511
1614,3.7035,0.135282
1615,3.721594,0.13334
1616,3.734526,0.131655
1617,3.74428,0.130426
1618,3.748629,0.129283
1619,3.751517,0.128426
1620,3.75141,0.127731
1621,3.746947,0.127661
1622,3.739434,0.127498
1623,3.731287,0.127899
1624,3.726003,0.128773
1625,3.721862,0.13039
1626,3.718633,0.131576
1627,3.716015,0.132843
1628,3.71512,0.134876
1629,3.715617,0.137262
1630,3.716567,0.139458
1631,3.710536,0.142488
1632,3.698725,0.145519
1633,3.683128,0.148647
1634,3.665359,0.151994
1635,3.65152,0.155136
1636,3.638808,0.158313
1637,3.633698,0.161691
1638,3.637983,0.165567
1639,3.649064,0.169349
1640,3.669218,0.172798
1641,3.698798,0.176005
1642,3.737487,0.17869
1643,3.785832,0.180876
1644,3.841072,0.181719
1645,3.89918,0.180905
1646,3.958593,0.179433
1647,4.015268,0.177442
1648,4.067861,0.175086
1649,4.114279,0.17116
1650,4.153037,0.166279
1651,4.18191,0.161406
1652,4.201715,0.156366
1653,4.209637,0.151376
1654,4.207114,0.146525
1655,4.19618,0.141938
1656,4.183381,0.137349
1657,4.170847,0.133353
1658,4.159626,0.129604
1659,4.151396,0.126393
1660,4.145784,0.123789
1661,4.141426,0.121751
1662,4.137088,0.120688
1663,4.134227,0.119373
1664,4.129314,0.118776
1665,4.117953,0.118946
1666,4.097781,0.119745
1667,4.066968,0.120867
1668,4.020154,0.121914
1669,3.966728,0.123229
1670,3.917345,0.124203
1671,3.867173,0.124526
1672,3.811641,0.125688
1673,3.760927,0.126092
1674,3.717066,0.125887
1675,3.682606,0.125674
1676,3.659712,0.125948
1677,3.647155,0.126255
1678,3.643576,0.126306
1679,3.645671,0.126394
1680,3.651558,0.126791
1681,3.660951,0.126608
1682,3.674663,0.126888
1683,3.692899,0.127754
1684,3.714065,0.128681
1685,3.738054,0.128791
1686,3.759495,0.128567
1687,3.77399,0.127928
1688,3.786455,0.128112
1689,3.794596,0.12887
1690,3.799636,0.129653
1691,3.801681,0.130578
1692,3.807029,0.131369
1693,3.82113,0.132148
1694,3.846325,0.133363
1695,3.888106,0.135354
1696,3.952153,0.137419
1697,4.029752,0.13749
1698,4.09606,0.134839
1699,4.13516,0.133045
1700,4.149108,0.13228
1701,4.148699,0.132265
1702,4.136175,0.132562
1703,4.115813,0.132853
1704,4.089277,0.13372
1705,4.056395,0.135196
1706,4.018641,0.136398
1707,3.978978,0.138257
1708,3.937274,0.140216
1709,3.89399,0.142063
1710,3.849634,0.143923
1711,3.801255,0.146172
1712,3.752088,0.1484
1713,3.709241,0.150338
1714,3.677595,0.151905
1715,3.66533,0.153386
1716,3.6725,0.154891
1717,3.696242,0.156312
1718,3.731566,0.157506
1719,3.768218,0.158502
1720,3.802913,0.159734
1721,3.831577,0.160111
1722,3.851787,0.160638
1723,3.861964,0.161485
1724,3.865463,0.162392
1725,3.864144,0.163808
1726,3.856577,0.165459
1727,3.847398,0.167594
1728,3.836497,0.170139
1729,3.820272,0.173381
1730,3.800721,0.176426
1731,3.781355,0.179453
1732,3.762454,0.182719
1733,3.744238,0.186416
1734,3.732172,0.189915
1735,3.729238,0.19315
1736,3.733717,0.196613
1737,3.743506,0.199928
1738,3.759593,0.203113
1739,3.780793,0.205864
1740,3.80697,0.20839
1741,3.836145,0.21078
1742,3.865146,0.212381
1743,3.889406,0.212694
1744,3.906974,0.21242
1745,3.915234,0.212034
1746,3.915854,0.211706
1747,3.911238,0.211548
1748,3.902038,0.211215
1749,3.886206,0.210482
1750,3.866693,0.209217
1751,3.842698,0.207736
1752,3.81596,0.206117
1753,3.78938,0.204225
1754,3.761468,0.201808
1755,3.735168,0.199314
1756,3.711192,0.196584
1757,3.690873,0.193709
1758,3.671352,0.191061
1759,3.651675,0.188618
1760,3.631855,0.185394
1761,3.612628,0.18166
1762,3.594348,0.177861
1763,3.578503,0.174587
1764,3.565144,0.171661
1765,3.552554,0.168897
1766,3.54233,0.166209
1767,3.534073,0.163625
1768,3.528801,0.161245
1769,3.527582,0.158797
1770,3.53062,0.156766
1771,3.539588,0.154788
1772,3.554919,0.152878
1773,3.576025,0.150984
1774,3.600908,0.149267
1775,3.626892,0.147243
1776,3.655883,0.145288
1777,3.685207,0.143405
1778,3.714564,0.140878
1779,3.744957,0.138106
1780,3.774703,0.135919
1781,3.799975,0.134098
1782,3.82324,0.132327
1783,3.846287,0.130502
1784,3.870448,0.128991
1785,3.897586,0.127982
1786,3.92621,0.127236
1787,3.956765,0.126796
1788,3.987046,0.125716
1789,4.015851,0.125017
1790,4.037204,0.124877
1791,4.048835,0.125298
1792,4.02558,0.121873
1793,4.007128182,0.116491182
1794,3.982738,0.112523182
1795,3.959182545,0.110812636
1796,3.928765273,0.112070182
1797,3.889622364,0.116168727
1798,3.843549636,0.122142364
1799,3.790701273,0.128514364
1800,3.730781091,0.133669455
1801,3.668221818,0.136522727
1802,3.612264273,0.137470455
1803,3.569747,0.137285
1804,3.545657909,0.136740455
1805,3.533097,0.137148273
1806,3.526959545,0.139016818
1807,3.524974545,0.142390545
1808,3.524527455,0.14757
1809,3.525500636,0.154608636
1810,3.529594091,0.163192636
1811,3.538104636,0.172984818
1812,3.551137364,0.183691545
1813,3.567886727,0.194557364
1814,3.586144,0.205271
1815,3.606271273,0.214659182
1816,3.625357818,0.222745636
1817,3.643264727,0.229477273
1818,3.657644273,0.234549
1819,3.664943545,0.237800818
1820,3.663958091,0.239088545
1821,3.655865,0.238411455
1822,3.642434909,0.235990273
1823,3.625358364,0.232245909
1824,3.607025909,0.227890455
1825,3.589375,0.223265
1826,3.574104091,0.218920455
1827,3.562771909,0.214917909
1828,3.556036636,0.211653
1829,3.554362364,0.20906
1830,3.559566545,0.206687091
1831,3.573105182,0.204603
1832,3.593852818,0.202992455
1833,3.619284,0.201756909
1834,3.647830545,0.200608545
1835,3.677204,0.198943545
1836,3.704064,0.197119
1837,3.728837636,0.194932636
1838,3.750363909,0.192550727
1839,3.767611545,0.189744909
1840,3.779110818,0.186137909
1841,3.783641364,0.181983545
1842,3.780340455,0.177561273
1843,3.770806273,0.172967455
1844,3.757770545,0.168250091
1845,3.741136909,0.163535
1846,3.718760273,0.159114727
1847,3.692413,0.155502
1848,3.664610273,0.152238364
1849,3.637008,0.149404273
1850,3.608649091,0.146967727
1851,3.580880091,0.145488545
1852,3.552973909,0.14531
1853,3.524861636,0.145824091
1854,3.499214182,0.146382455
1855,3.480943727,0.146987182
1856,3.474373,0.148089727
1857,3.479789455,0.150428091
1858,3.494804,0.153619
1859,3.517328545,0.157600818
1860,3.546610455,0.162842636
1861,3.582241,0.168910273
1862,3.621365909,0.175629182
1863,3.659271727,0.182455
1864,3.693815818,0.188839545
1865,3.726459636,0.194992273
1866,3.759495909,0.201232545
1867,3.793818091,0.207131636
1868,3.830366273,0.212775909
1869,3.867299,0.217665
1870,3.897863545,0.221101364
1871,3.919499273,0.222751636
1872,3.931862182,0.222775818
1873,3.933380727,0.221138545
1874,3.924205091,0.217924364
1875,3.907094182,0.213280727
1876,3.885132,0.207476727
1877,3.861223636,0.200836
1878,3.838177636,0.193645455
1879,3.815303364,0.186451455
1880,3.793307,0.180326
1881,3.773665182,0.176050545
1882,3.753035818,0.173122636
1883,3.730696,0.171332091
1884,3.705408,0.170429273
1885,3.676666727,0.169941818
1886,3.646054455,0.169331818
1887,3.615995182,0.167811273
1888,3.589397909,0.164747091
1889,3.569192455,0.160281636
1890,3.554646545,0.154757909
1891,3.544662,0.147957
1892,3.536144727,0.141243364
1893,3.526603091,0.134602545
1894,3.511750545,0.128566909
1895,3.493801,0.123622364
1896,3.477152636,0.120422182
1897,3.464690818,0.119631727
1898,3.459080273,0.121313182
1899,3.461784636,0.125121364
1900,3.470209,0.130762818
1901,3.481465273,0.137417727
1902,3.500968,0.145385
1903,3.536879818,0.153151364
1904,3.583826455,0.159078455
1905,3.635986091,0.163148818
1906,3.688595818,0.165219
1907,3.743221818,0.165441727
1908,3.801773636,0.163958545
1909,3.862213818,0.160517091
1910,3.917846909,0.154801364
1911,3.96053,0.147540636
1912,3.987166273,0.141028909
1913,3.999459,0.135688
1914,4.100027,0.124266
1915,4.089671,0.123032
1916,4.07668,0.121731
1917,4.054568,0.121357
1918,4.029584,0.120325
1919,4.00599,0.118857
1920,3.980818,0.117639
1921,3.955389,0.116738
1922,3.926705,0.115847
1923,3.899168,0.114447
1924,3.873463,0.112733
1925,3.848381,0.111463
1926,3.826404,0.110227
1927,3.809009,0.109474
1928,3.793699,0.108475
1929,3.778049,0.107731
1930,3.762469,0.107792
1931,3.741123,0.108243
1932,3.718144,0.108654
1933,3.692015,0.109017
1934,3.66696,0.109329
1935,3.647587,0.109875
1936,3.63118,0.111088
1937,3.612562,0.112546
1938,3.589064,0.113849
1939,3.563016,0.11541
1940,3.536479,0.117422
1941,3.511247,0.118866
1942,3.488429,0.120561
1943,3.464164,0.122568
1944,3.440947,0.124552
1945,3.417138,0.125915
1946,3.397146,0.126652
1947,3.390841,0.127246
1948,3.399818,0.128866
1949,3.426796,0.131313
1950,3.47835,0.134159
1951,3.557706,0.13699
1952,3.652664,0.139143
1953,3.743294,0.137837
1954,3.811819,0.134942
1955,3.857184,0.132522
1956,3.887963,0.131193
1957,3.909352,0.129914
1958,3.920645,0.128832
1959,3.923145,0.128134
1960,3.917214,0.127851
1961,3.906575,0.126988
1962,3.895039,0.125407
1963,3.886988,0.124162
1964,3.880028,0.122927
1965,3.873543,0.122031
1966,3.866359,0.121099
1967,3.857205,0.120412
1968,3.84474,0.120247
1969,3.825319,0.12057
1970,3.805452,0.120353
1971,3.785433,0.119932
1972,3.761007,0.119689
1973,3.736745,0.120337
1974,3.711418,0.120598
1975,3.686586,0.121124
1976,3.665252,0.121922
1977,3.64218,0.122803
1978,3.619079,0.124018
1979,3.593156,0.124978
1980,3.566339,0.125772
1981,3.542273,0.127502
1982,3.520606,0.129724
1983,3.499335,0.131691
1984,3.47717,0.133235
1985,3.45427,0.135771
1986,3.429505,0.138095
1987,3.408694,0.139775
1988,3.394663,0.141158
1989,3.388791,0.142847
1990,3.391744,0.144863
1991,3.407352,0.146538
1992,3.429636,0.147699
1993,3.452979,0.148175
1994,3.476322,0.148995
1995,3.502114,0.149604
1996,3.526246,0.150414
1997,3.547884,0.150384
1998,3.569593,0.150676
1999,3.59476,0.150099
2000,3.628253,0.149485
2001,3.674485,0.149174
2002,3.734327,0.148267
2003,3.792549,0.145652
2004,3.841812,0.142718
2005,3.882237,0.139289
2006,3.910691,0.135632
2007,3.924007,0.132515
2008,3.923395,0.130283
2009,3.912647,0.128709
2010,3.892942,0.127129
2011,3.86811,0.125384
2012,3.842061,0.12424
2013,3.816031,0.122468
2014,3.792733,0.120125
2015,3.775538,0.118592
2016,3.759736,0.117355
2017,3.747167,0.116403
2018,3.740058,0.115669
2019,3.731568,0.115719
2020,3.721157,0.116218
2021,3.706276,0.117588
2022,3.680971,0.119316
2023,3.646718,0.120486
2024,3.606818,0.12264
2025,3.567939,0.125191
2026,3.528226,0.127648
2027,3.489582,0.129825
2028,3.457911,0.132013
2029,3.434371,0.13409
2030,3.416656,0.136456
2031,3.399263,0.137397
2032,3.382644,0.137609
2033,3.373198,0.137288
2034,3.376858,0.137746
2035,3.387992,0.138495
2036,3.407961,0.139715
2037,3.443724,0.141013
2038,3.489528,0.142925
2039,3.541767,0.144613
2040,3.596643,0.145483
2041,3.643431,0.146216
2042,3.679152,0.146381
2043,3.707316,0.1465
2044,3.737472,0.146883
2045,3.766789,0.147036
2046,3.792201,0.147193
2047,3.817603,0.147072
2048,3.84201,0.146965
2049,3.862477,0.146304
2050,3.872896,0.145447
2051,3.865851,0.144718
2052,3.848848,0.144252
2053,3.831614,0.1439
2054,3.805462,0.143769
2055,3.778387,0.143102
2056,3.75626,0.142429
2057,3.739021,0.140972
2058,3.728922,0.140092
2059,3.721315,0.139466
2060,3.710226,0.139354
2061,3.700004,0.13956
2062,3.691842,0.139484
2063,3.689575,0.139929
2064,3.691615,0.14085
2065,3.700528,0.141652
2066,3.714069,0.143334
2067,3.731418,0.144788
2068,3.756605,0.145786
2069,3.784168,0.146906
2070,3.810479,0.147122
2071,3.835559,0.146507
2072,3.85878,0.145565
2073,3.879819,0.144359
2074,3.901642,0.142622
2075,3.931992,0.140802
2076,3.977958,0.139336
2077,4.037802,0.137701
2078,4.101069,0.134113
2079,4.145339,0.129475
2080,4.170159,0.126148
2081,4.186526,0.123281
2082,4.1975,0.120496
2083,4.201686,0.118179
2084,4.200413,0.116647
2085,4.191618,0.115388
2086,4.173248,0.114985
2087,4.148406,0.115382
2088,4.128557,0.11579
2089,4.108453,0.116686
2090,4.093677,0.117418
2091,4.08314,0.117507
2092,4.070023,0.118565
2093,4.056634,0.119541
2094,4.046089,0.119895
2095,4.029644,0.120788
2096,4.002203,0.121945
2097,3.965423,0.122767
2098,3.929857,0.122756
2099,3.895947,0.122911
2100,3.861236,0.12276
2101,3.828925,0.12285
2102,3.798275,0.123152
2103,3.774446,0.124183
2104,3.751677,0.125987
2105,3.728367,0.128681
2106,3.703154,0.131841
2107,3.672145,0.135898
2108,3.640605,0.139668
2109,3.615637,0.142423
2110,3.602276,0.144885
2111,3.601121,0.146767
2112,3.609551,0.148775
2113,3.628484,0.150536
2114,3.652486,0.151467
2115,3.671577,0.152138
2116,3.682614,0.152941
2117,3.687519,0.153587
2118,3.684216,0.154226
2119,3.676236,0.154897
2120,3.665061,0.15536
2121,3.65462,0.156279
2122,3.648369,0.157522
2123,3.64668,0.158994
2124,3.646007,0.160742
2125,3.647134,0.162964
2126,3.650633,0.165166
2127,3.65851,0.16784
2128,3.669157,0.170461
2129,3.681777,0.172355
2130,3.691539,0.173744
2131,3.698518,0.17536
2132,3.69607,0.176506
2133,3.683023,0.17813
2134,3.661722,0.179812
2135,3.632883,0.18063
2136,3.598063,0.180513
2137,3.559994,0.179576
2138,3.5275,0.179213
2139,3.500317,0.178936
2140,3.482017,0.178904
2141,3.473676,0.178849
2142,3.474579,0.178814
2143,3.481702,0.179
2144,3.493796,0.179505
2145,3.51068,0.180117
2146,3.538129,0.180794
2147,3.581925,0.181389
2148,3.647008,0.18143
2149,3.728299,0.180848
2150,3.811622,0.178656
2151,3.893496,0.175417
2152,3.974641,0.171781
2153,4.049604,0.167086
2154,4.108977,0.161662
2155,4.148664,0.156219
2156,4.172022,0.150903
2157,4.185092,0.145755
2158,4.188757,0.141184
2159,4.182203,0.137029
2160,4.162343,0.133097
2161,4.135416,0.129791
2162,4.109395,0.126381
2163,4.086774,0.122906
2164,4.064455,0.120181
2165,4.040074,0.11837
2166,4.007636,0.117167
2167,3.967356,0.115835
2168,3.923892,0.115685
2169,3.878342,0.115181
2170,3.835038,0.114134
2171,3.799666,0.113125
2172,3.772048,0.111672
2173,3.750882,0.111441
2174,3.734575,0.111664
2175,3.713785,0.112029
2176,3.675836,0.113152
2177,3.624544,0.113804
2178,3.578316,0.113675
2179,3.542569,0.113641
2180,3.511994,0.114243
2181,3.48653,0.114516
2182,3.470189,0.115216
2183,3.461167,0.116151
2184,3.458222,0.116911
2185,3.463674,0.117976
2186,3.480294,0.119084
2187,3.504766,0.12076
2188,3.531114,0.122346
2189,3.561217,0.123409
2190,3.593249,0.123931
2191,3.622437,0.124385
2192,3.649665,0.125291
2193,3.680031,0.127272
2194,3.712411,0.128706
2195,3.739236,0.129497
2196,3.76406,0.130724
2197,3.7822,0.131916
2198,3.793404,0.133622
2199,3.799895,0.135378
2200,3.80386,0.136813
2201,3.807922,0.138208
2202,3.808042,0.139046
2203,3.801546,0.140683
2204,3.791148,0.14203
2205,3.780008,0.142863
2206,3.762926,0.143938
2207,3.738331,0.144581
2208,3.710718,0.145171
2209,3.681033,0.145588
2210,3.650545,0.145633
2211,3.620448,0.144617
2212,3.591379,0.14398
2213,3.567523,0.143385
2214,3.55243,0.142307
2215,3.54496,0.141354
2216,3.54145,0.140217
2217,3.538215,0.139297
2218,3.535194,0.138639
2219,3.528679,0.138484
2220,3.517671,0.13794
2221,3.503036,0.137186
2222,3.490503,0.136703
2223,3.477532,0.136461
2224,3.465675,0.136688
2225,3.451368,0.137089
2226,3.43959,0.137765
2227,3.433896,0.138209
2228,3.431771,0.139448
2229,3.433093,0.141012
2230,3.432694,0.142492
2231,3.438141,0.144312
2232,3.447079,0.146513
2233,3.45627,0.149271
2234,3.467072,0.151887
2235,3.482705,0.154567
2236,3.509105,0.157349
2237,3.548631,0.160201
2238,3.597918,0.162653
2239,3.65541,0.165024
2240,3.717052,0.16724
2241,3.774003,0.166582
2242,3.823688,0.165278
2243,3.858832,0.164607
2244,3.877407,0.164232
2245,3.889386,0.164447
2246,3.898293,0.16504
2247,3.902776,0.165679
2248,3.900923,0.16678
2249,3.889898,0.168419
2250,3.868101,0.170637
2251,3.839426,0.173815
2252,3.803061,0.176958
2253,3.760165,0.179652
2254,3.714245,0.182026
2255,3.670253,0.183626
2256,3.628349,0.184932
2257,3.585822,0.186249
2258,3.540728,0.186939
2259,3.496337,0.186962
2260,3.455096,0.186496
2261,3.42007,0.185362
2262,3.391709,0.18403
2263,3.372942,0.182585
2264,3.361689,0.181304
2265,3.356158,0.17988
2266,3.355778,0.177784
2267,3.362925,0.175957
2268,3.374963,0.174031
2269,3.393335,0.171978
2270,3.417231,0.170509
2271,3.443449,0.168473
2272,3.472753,0.166287
2273,3.502154,0.164207
2274,3.534521,0.163033
2275,3.575522,0.162345
2276,3.627143,0.161755
2277,3.686445,0.160572
2278,3.746874,0.158814
2279,3.801181,0.156384
2280,3.846416,0.153257
2281,3.884608,0.150545
2282,3.917167,0.147951
2283,3.942097,0.145532
2284,3.958027,0.142955
2285,3.964172,0.140515
2286,3.96263,0.13879
2287,3.9507,0.137054
2288,3.931057,0.135223
2289,3.90523,0.133937
2290,3.876758,0.132632
2291,3.842363,0.130524
2292,3.80468,0.128325
2293,3.764896,0.125941
2294,3.722991,0.123942
2295,3.681755,0.12235
2296,3.638407,0.121075
2297,3.594316,0.119019
2298,3.547081,0.117163
2299,3.500704,0.11498
2300,3.462492,0.112773
2301,3.435589,0.110857
2302,3.421268,0.109691
2303,3.410437,0.108586
2304,3.402259,0.107687
2305,3.404171,0.107083
2306,3.420383,0.106704
2307,3.443159,0.106468
2308,3.461153,0.106108
2309,3.483096,0.105678
2310,3.522369,0.105717
2311,3.579026,0.106492
2312,3.636934,0.105605
2313,3.682041,0.103738
2314,3.713242,0.101791
2315,3.7334,0.100512
2316,3.747372,0.10013
2317,3.75679,0.100355
2318,3.76092,0.100907
2319,3.76108,0.101604
2320,3.761155,0.103434
2321,3.758532,0.105487
2322,3.753931,0.107657
2323,3.750064,0.110829
2324,3.747515,0.114388
2325,3.744752,0.118363
2326,3.741718,0.122253
2327,3.73986,0.126007
2328,3.737296,0.12904
2329,3.730839,0.132197
2330,3.717832,0.135753
2331,3.697897,0.138841
2332,3.671651,0.141397
2333,3.638711,0.143072
2334,3.600024,0.14329
2335,3.559368,0.14281
2336,3.519245,0.142044
2337,3.483557,0.141039
2338,3.45045,0.140435
2339,3.41948,0.140168
2340,3.392686,0.140484
2341,3.3706,0.141234
2342,3.352194,0.142545
2343,3.335389,0.144379
2344,3.320501,0.146633
2345,3.313739,0.149406
2346,3.313397,0.152474
2347,3.321795,0.15584
2348,3.345696,0.159817
2349,3.388374,0.164344
2350,3.450594,0.168087
2351,3.523334,0.170163
2352,3.595622,0.170944
2353,3.657698,0.171277
2354,3.710893,0.170796
2355,3.752667,0.169765
2356,3.782046,0.168544
2357,3.80192,0.167153
2358,3.819139,0.165687
2359,3.831123,0.163768
2360,3.838144,0.161986
2361,3.845683,0.1607
2362,3.852589,0.159816
2363,3.855409,0.158784
2364,3.854659,0.157624
2365,3.848724,0.156299
2366,3.838131,0.15485
2367,3.826054,0.153437
2368,3.812911,0.152098
2369,3.798788,0.151035
2370,3.781943,0.14974
2371,3.762881,0.14878
2372,3.743071,0.148112
2373,3.721345,0.147852
2374,3.699388,0.148256
2375,3.675091,0.148724
2376,3.646866,0.149041
2377,3.613286,0.150411
2378,3.5774,0.15271
2379,3.536615,0.155432
2380,3.496298,0.158255
2381,3.460227,0.16149
2382,3.42836,0.165035
2383,3.401746,0.168428
2384,3.380755,0.171318
2385,3.368113,0.17451
2386,3.36491,0.178166
2387,3.368834,0.181498
2388,3.380292,0.184563
2389,3.399563,0.186932
2390,3.424288,0.188022
2391,3.453843,0.188908
2392,3.48982,0.189965
2393,3.52969,0.1906
2394,3.569866,0.189852
2395,3.605036,0.18809
2396,3.633651,0.186049
2397,3.654236,0.183454
2398,3.667221,0.181223
2399,3.675075,0.178783
2400,3.681759,0.176018
2401,3.686508,0.173353
2402,3.689992,0.17048
2403,3.690921,0.167628
2404,3.689749,0.165066
2405,3.687071,0.162554
2406,3.682028,0.160253
2407,3.672354,0.158025
2408,3.657722,0.156013
2409,3.64054,0.1543
2410,3.616388,0.151984
2411,3.585574,0.150065
2412,3.549352,0.14849
2413,3.50972,0.146563
2414,3.471967,0.144275
2415,3.443109,0.142115
2416,3.425666,0.139857
2417,3.416951,0.13832
2418,3.413937,0.137321
2419,3.413794,0.136816
2420,3.418803,0.137583
2421,3.429185,0.139428
2422,3.444812,0.141959
2423,3.464729,0.145456
2424,3.487024,0.149455
2425,3.512222,0.153914
2426,3.540153,0.158719
2427,3.573702,0.163632
2428,3.61663,0.168691
2429,3.668182,0.173073
2430,3.734361,0.176822
2431,3.811684,0.179803
2432,3.89165,0.180777
2433,3.961703,0.179983
2434,4.018207,0.17797
2435,4.059298,0.175148
2436,4.086721,0.171988
2437,4.101362,0.168477
2438,4.104891,0.164649
2439,4.098939,0.161623
2440,4.087188,0.159261
2441,4.074209,0.156788
2442,4.061233,0.15477
2443,4.050508,0.153284
2444,4.039781,0.152208
2445,4.02648,0.151622
2446,4.008519,0.151431
2447,3.98661,0.151796
2448,3.961132,0.152237
2449,3.929653,0.152643
2450,3.894129,0.152131
2451,3.859671,0.151201
2452,3.827462,0.149423
2453,3.796522,0.146881
2454,3.765847,0.145002
2455,3.73245,0.142862
2456,3.694499,0.140893
2457,3.650786,0.138686
2458,3.607509,0.136628
2459,3.56735,0.135443
2460,3.526134,0.134919
2461,3.483596,0.135196
2462,3.445226,0.135623
2463,3.416904,0.136462
2464,3.394159,0.138131
2465,3.377337,0.140968
2466,3.367447,0.144684
2467,3.365015,0.149618
2468,3.370052,0.155562
2469,3.381899,0.162777
2470,3.402866,0.170647
2471,3.435419,0.178859
2472,3.479754,0.187507
2473,3.532315,0.196442
2474,3.592367,0.204908
2475,3.656256,0.211855
2476,3.717757,0.216982
2477,3.771982,0.220501
2478,3.815647,0.222974
2479,3.850827,0.224744
2480,3.880719,0.225459
2481,3.908899,0.225615
2482,3.937127,0.224975
2483,3.962721,0.223765
2484,3.983104,0.222311
2485,3.998639,0.22092
2486,4.007436,0.219595
2487,4.00802,0.218469
2488,3.998383,0.217725
2489,3.979931,0.217473
2490,3.953892,0.217564
2491,3.919542,0.217929
2492,3.8741,0.217915
2493,3.820194,0.217954
2494,3.759676,0.217915
2495,3.698314,0.216688
2496,3.643051,0.214743
2497,3.594293,0.2129
2498,3.55319,0.2111
2499,3.518923,0.208802
2500,3.492046,0.206298
2501,3.47704,0.203529
2502,3.47162,0.201104
2503,3.475973,0.198879
2504,3.490755,0.196668
2505,3.515231,0.194096
2506,3.543021,0.190416
2507,3.57495,0.18636
2508,3.613956,0.182365
2509,3.656207,0.178373
2510,3.708952,0.174583
2511,3.775325,0.170239
2512,3.853457,0.165721
2513,3.937161,0.159795
2514,4.015609,0.152668
2515,4.073269,0.145201
2516,4.109663,0.138936
2517,4.126652,0.133454
2518,4.132101,0.128921
2519,4.133319,0.125382
2520,4.130683,0.122916
2521,4.125243,0.12174
2522,4.117658,0.121733
2523,4.106843,0.123156
2524,4.091294,0.12557
2525,4.070406,0.128462
2526,4.044237,0.132188
2527,4.016595,0.136082
2528,3.988,0.140148
2529,3.960368,0.144761
2530,3.936862,0.148441
2531,3.913647,0.152107
2532,3.887373,0.154974
2533,3.857195,0.15791
2534,3.822346,0.160711
2535,3.78078,0.162915
2536,3.730361,0.164962
2537,3.67573,0.166131
2538,3.621769,0.166652
2539,3.574437,0.166454
2540,3.534588,0.166276
2541,3.488568,0.166513
2542,3.436089,0.166757
2543,3.383294,0.166749
2544,3.337297,0.166409
2545,3.302572,0.166156
2546,3.278657,0.166055
2547,3.26285,0.166475
2548,3.252302,0.167071
2549,3.250778,0.167502
2550,3.260879,0.168401
2551,3.281221,0.168752
2552,3.309275,0.169032
2553,3.340637,0.168706
2554,3.373214,0.167992
2555,3.404706,0.166263
2556,3.435334,0.163431
2557,3.466886,0.160414
2558,3.498407,0.156611
2559,3.522589,0.152592
2560,3.539808,0.14959
2561,3.550673,0.147303
2562,3.558071,0.14514
2563,3.561092,0.143501
2564,3.561874,0.14233
2565,3.563537,0.141782
2566,3.563301,0.142118
2567,3.561644,0.142928
2568,3.560223,0.144171
2569,3.557617,0.145744
2570,3.552651,0.14759
2571,3.544729,0.149815
2572,3.533467,0.151698
2573,3.518791,0.153794
2574,3.500987,0.155169
2575,3.479756,0.155466
2576,3.456203,0.154963
2577,3.434286,0.154405
2578,3.414629,0.153619
2579,3.393728,0.151646
2580,3.372077,0.149595
2581,3.34933,0.147532
2582,3.328984,0.145427
2583,3.315663,0.143041
2584,3.306952,0.140839
2585,3.301003,0.139231
2586,3.299823,0.13856
2587,3.300216,0.138483
2588,3.303737,0.139507
2589,3.309611,0.141473
2590,3.320957,0.14411
2591,3.336662,0.147535
2592,3.354624,0.151363
2593,3.376896,0.154656
2594,3.401988,0.158153
2595,3.430393,0.161547
2596,3.462607,0.164518
2597,3.49968,0.167634
2598,3.545301,0.170007
2599,3.591,0.17197
2600,3.631248,0.173694
2601,3.665716,0.17508
2602,3.695871,0.175986
2603,3.722468,0.176514
2604,3.750185,0.17636
2605,3.773436,0.176078
2606,3.791727,0.175997
2607,3.80727,0.17596
2608,3.81691,0.175927
2609,3.819525,0.176056
2610,3.814245,0.176069
2611,3.804748,0.175825
2612,3.789695,0.175474
2613,3.769711,0.175167
2614,3.744323,0.174409
2615,3.714641,0.173598
2616,3.685266,0.172432
2617,3.655662,0.170938
2618,3.628696,0.169308
2619,3.602597,0.16788
2620,3.579406,0.165763
2621,3.55714,0.163976
2622,3.534792,0.162232
2623,3.511542,0.160751
2624,3.488333,0.159913
2625,3.468548,0.159846
2626,3.448666,0.160442
2627,3.426799,0.161048
2628,3.402374,0.162114
2629,3.381063,0.163502
2630,3.360191,0.165176
2631,3.340883,0.167364
2632,3.32967,0.170228
2633,3.32925,0.173189
2634,3.337399,0.176301
2635,3.351159,0.179535
2636,3.364877,0.182607
2637,3.379291,0.18581
2638,3.393473,0.188582
2639,3.406237,0.190927
2640,3.417681,0.193091
2641,3.428588,0.194823
2642,3.440415,0.196166
2643,3.454439,0.196993
2644,3.465695,0.196854
2645,3.472313,0.196972
2646,3.478048,0.19708
2647,3.486975,0.196901
2648,3.499576,0.196025
2649,3.518678,0.195003
2650,3.543553,0.193713
2651,3.574191,0.191645
2652,3.608598,0.18909
2653,3.640592,0.186126
2654,3.667084,0.183209
2655,3.692605,0.180043
2656,3.71282,0.176715
2657,3.727017,0.173284
2658,3.73754,0.170108
2659,3.743151,0.167168
2660,3.740254,0.164314
2661,3.730855,0.161612
2662,3.71635,0.15931
2663,3.690823,0.157715
2664,3.650109,0.156363
2665,3.595008,0.154404
2666,3.534961,0.151829
2667,3.4743,0.149314
2668,3.409705,0.146812
2669,3.346112,0.143846
2670,3.292868,0.140218
2671,3.253102,0.136957
2672,3.219401,0.134919
2673,3.19546,0.132782
2674,3.191842,0.130428
2675,3.197834,0.12904
2676,3.207053,0.128344
2677,3.217045,0.1273
2678,3.226959,0.127317
2679,3.238114,0.128049
2680,3.248058,0.129407
2681,3.258056,0.131437
2682,3.268988,0.134058
2683,3.27783,0.136759
2684,3.289457,0.140268
2685,3.30628,0.144182
2686,3.327171,0.148027
2687,3.352605,0.151483
2688,3.385394,0.15497
2689,3.422516,0.158563
2690,3.459883,0.161687
2691,3.495837,0.163187
2692,3.532497,0.163742
2693,3.566462,0.16421
2694,3.596997,0.164524
2695,3.626112,0.164587
2696,3.656358,0.16471
2697,3.68989,0.164292
2698,3.721768,0.163586
2699,3.747236,0.162325
2700,3.761958,0.160968