Age,Value
0,3.15837
1,3.158242
2,3.15434
3,3.149144
4,3.144692
5,3.14258
6,3.146604
7,3.15874
8,3.195703069
9,3.262001851
10,3.36360642
11,3.512320272
12,3.684855997
13,3.855308616
14,4.013001554
15,4.212128652
16,4.457650171
17,4.657993441
18,4.770323615
19,4.79338
20,4.781357837
21,4.763458985
22,4.729404516
23,4.686223833
24,4.645016176
25,4.625995729
26,4.620491551
27,4.606208523
28,4.588232872
29,4.558122768
30,4.516872321
31,4.483206437
32,4.461233894
33,4.437419695
34,4.406362619
35,4.375582787
36,4.336025952
37,4.290569077
38,4.2602
39,4.27097
40,4.31824
41,4.36644
42,4.37837
43,4.36518
44,4.33704
45,4.29703
46,4.24187
47,4.22608
48,4.259676113
49,4.300630695
50,4.316205244
51,4.299855795
52,4.256928645
53,4.20439
54,4.17332022
55,4.186118519
56,4.220244835
57,4.216235864
58,4.166706054
59,4.14026
60,4.199685
61,4.275385
62,4.3430225
63,4.39401
64,4.4168075
65,4.431355
66,4.43643
67,4.40607
68,4.363283969
69,4.314731092
70,4.260604717
71,4.201541248
72,4.138988752
73,4.092778116
74,4.054954079
75,4.017561633
76,3.97063
77,3.948875314
78,3.93522088
79,3.9138388
80,3.874988136
81,3.819061864
82,3.753292247
83,3.694192286
84,3.650947991
85,3.63176
86,3.754058571
87,3.929718571
88,4.021312857
89,3.965087446
90,3.873216896
91,3.845253113
92,3.817424132
93,3.793419504
94,3.770044003
95,3.743334041
96,3.71381061
97,3.686669776
98,3.668645627
99,3.658610641
100,3.65850592
101,3.668765657
102,3.685639889
103,3.705837242
104,3.726778652
105,3.746350205
106,3.762203447
107,3.770465137
108,3.778282969
109,3.78948599
110,3.834501058
111,3.9110043
112,3.935530606
113,3.888604902
114,3.822868549
115,3.73887436
116,3.636163797
117,3.531161664
118,3.442110529
119,3.362651809
120,3.270774676
121,3.181052372
122,3.112704816
123,3.067384334
124,3.039205563
125,3.02426744
126,3.03152
127,3.132024928
128,3.307778966
129,3.520260858
130,3.756468823
131,3.950085
132,4.050061903
133,4.193153564
134,4.393934642
135,4.558148526
136,4.67872
137,4.744726
138,4.755098
139,4.705522
140,4.64088
141,4.59475
142,4.549834
143,4.507178
144,4.487538
145,4.48753
151,4.486759232
152,4.492683287
153,4.505248438
154,4.521512416
155,4.539845061
156,4.56039161
157,4.589006099
158,4.607601536
159,4.59233
160,4.565719513
161,4.532026707
162,4.49636735
163,4.462237315
164,4.434927978
165,4.415841375
166,4.396235674
167,4.375225365
168,4.360036632
169,4.351658876
170,4.335724556
171,4.29492265
172,4.241485646
173,4.204998541
174,4.192540618
175,4.204460094
176,4.253032657
177,4.292219822
178,4.309963218
179,4.319567191
180,4.320202022
181,4.305823255
182,4.289380169
183,4.294446782
184,4.330043315
185,4.364705239
186,4.355693895
187,4.311846854
188,4.248000486
189,4.168167079
190,4.071387063
191,3.96245348
192,3.867663773
193,3.803023258
194,3.771321553
195,3.739333801
196,3.676276941
197,3.591971161
198,3.510698775
199,3.452236067
200,3.431149195
201,3.537318417
202,3.561500869
203,3.583017068
204,3.590174147
205,3.580921143
206,3.556930112
207,3.526623138
208,3.499800338
209,3.477862985
210,3.464528062
211,3.465099063
212,3.487115479
213,3.532065448
214,3.59384045
215,3.66413996
216,3.734026154
217,3.803203639
218,3.875286591
219,3.950509509
220,4.268043843
221,4.244133978
222,4.1964849
223,4.14623977
224,4.107911496
225,4.075524403
226,4.036530329
227,3.98466079
228,3.91007359
229,3.809542049
230,3.688958553
231,3.567778239
232,3.467021779
233,3.394729849
234,3.359015649
235,3.375469318
236,3.458994765
237,3.597661045
238,3.760683735
239,3.925592591
240,4.072452447
241,4.183625305
242,4.261698437
243,4.328485126
244,4.391348515
245,4.439488521
246,4.464973815
247,4.47015233
248,4.453077393
249,4.417319684
250,4.382246559
251,4.361366597
252,4.345931821
253,4.326128067
254,4.311732603
255,4.313046926
256,4.322188599
257,4.333063778
258,4.351688699
259,4.369993386
260,4.375927073
261,4.378579453
262,4.398269317
263,4.432118881
264,4.454111579
265,4.44341247
266,4.407000487
267,4.367155232
268,4.327218399
269,4.284708899
270,4.253696335
271,4.234235443
272,4.205018587
273,4.169104335
274,4.153819816
275,4.12440902
276,4.076317103
277,4.035807199
278,4.011539067
279,4.006012382
280,4.015881538
281,4.047481626
282,4.105362597
283,4.168020289
284,4.212644127
285,4.236050731
286,4.239189134
287,4.225087542
288,4.19691507
289,4.154556647
290,4.101117704
291,4.046967111
292,4.005547492
293,3.972256462
294,3.934530228
295,3.898237579
296,3.870645429
297,3.8396274
298,3.791802466
299,3.731691408
300,3.675443098
301,3.63559604
302,3.612168955
303,3.596231102
304,3.582229817
305,3.569783114
306,3.558908727
307,3.549227223
308,3.540912343
309,3.534035807
310,3.527897956
311,3.521492731
312,3.513296777
313,3.502929247
314,3.488917414
315,3.464068648
316,3.426537313
317,3.380492473
318,3.330866525
319,3.279430562
320,3.229899862
321,3.186487278
322,3.152922239
323,3.128420008
324,3.108614055
325,3.092400427
326,3.083161159
327,3.07995174
328,3.083268558
329,3.096430609
330,3.12017945
331,3.168173623
332,3.239647583
333,3.32942579
334,3.439076571
335,3.552979633
336,3.665815908
337,3.772464146
338,3.874417033
339,3.971282365
340,4.06613165
341,4.192380084
342,4.396566706
343,4.58193494
344,4.675712137
345,4.654177096
346,4.583208472
347,4.522995434
348,4.479042183
349,4.410502591
350,4.344607201
351,4.328970843
352,4.348873104
353,4.364813751
354,4.374885172
355,4.373211839
356,4.363934564
357,4.339656971
358,4.304289291
359,4.279517849
360,4.251852947
361,4.219364481
362,4.182387445
363,4.14502728
364,4.11566671
365,4.101333357
366,4.102884813
367,4.108563355
368,4.103791622
369,4.094704832
370,4.084096752
371,4.072115421
372,4.056709751
373,4.035345177
374,4.008251342
375,3.977636479
376,3.946618569
377,3.921325641
378,3.908757629
379,3.904698443
380,3.894623637
381,3.873029658
382,3.846186331
383,3.821036668
384,3.794960157
385,3.765816887
386,3.752036847
387,3.762641233
388,3.768503649
389,3.746399324
390,3.696759082
391,3.63027312
392,3.563063268
393,3.504944188
394,3.454724864
395,3.403482364
396,3.348919871
397,3.294280202
398,3.234690021
399,3.170835502
400,3.115104778
401,3.078586711
402,3.060444846
403,3.052413677
404,3.056880715
405,3.079950943
406,3.1035987
407,3.117869858
408,3.131676644
409,3.153024991
410,3.187017253
411,3.235515088
412,3.292345465
413,3.350814356
414,3.404930923
415,3.456159128
416,3.50751445
417,3.555873693
418,3.596831013
419,3.632293627
420,3.669989114
421,3.717722131
422,3.779800013
423,3.857489059
424,3.948051527
425,4.045979998
426,4.153305853
427,4.275441893
428,4.407820185
429,4.539427694
430,4.660215544
431,4.761730475
432,4.836113075
433,4.879802478
434,4.899026653
435,4.894038273
436,4.879694712
437,4.867062736
438,4.846079591
439,4.820192527
440,4.79333337
441,4.765439678
442,4.736831173
443,4.708849711
444,4.681197867
445,4.645463925
446,4.605608581
447,4.564104592
448,4.521345167
449,4.484948406
450,4.463482683
451,4.451028429
452,4.438266825
453,4.425301612
454,4.416885821
455,4.418607707
456,4.423294469
457,4.418672625
458,4.405284514
459,4.389185849
460,4.374687979
461,4.364487661
462,4.357866186
463,4.351100109
464,4.339645592
465,4.321819446
466,4.299471694
467,4.274349047
468,4.246341362
469,4.213753408
470,4.17533734
471,4.132220667
472,4.088201551
473,4.049830188
474,4.021199303
475,4.004386814
476,4.001441649
477,4.007440701
478,4.009763
479,3.993650478
480,3.951670404
481,3.893272478
482,3.836023369
483,3.793244171
484,3.766124792
485,3.741105571
486,3.706436348
487,3.667246549
488,3.628266225
489,3.591482423
490,3.56094105
491,3.531008769
492,3.505673462
493,3.504252608
494,3.528034941
495,3.561595771
496,3.590397228
497,3.60686562
498,3.612844218
499,3.61658842
500,3.61993586
501,3.625417908
502,3.635683072
503,3.648608689
504,3.666057985
505,3.695396416
506,3.728890264
507,3.762586202
508,3.797661558
509,3.83534749
510,3.879949928
511,3.927149966
512,3.972671015
513,4.005406978
514,4.012466955
515,4.003025519
516,3.992334495
517,3.980591996
518,3.965042622
519,3.945733667
520,3.921039518
521,3.888135588
522,3.848743632
523,3.81380286
524,3.789310707
525,3.766588511
526,3.745473608
527,3.739362287
528,3.751951483
529,3.77867649
530,3.813978041
531,3.845285652
532,3.86182987
533,3.872271618
534,3.887505498
535,3.911506805
536,3.952083673
537,4.023205927
538,4.123459418
539,4.22630466
540,4.301425594
541,4.347160649
542,4.374675404
543,4.387861269
544,4.391229591
545,4.386583713
546,4.37793132
547,4.370162654
548,4.364189382
549,4.362248836
550,4.36395021
551,4.359938715
552,4.345136791
553,4.322879001
554,4.295037041
555,4.260260771
556,4.217300647
557,4.170382021
558,4.128549344
559,4.093292974
560,4.056306379
561,4.010482118
562,3.95706352
563,3.905091256
564,3.861830969
565,3.82497012
566,3.793123903
567,3.771824346
568,3.760574384
569,3.750671625
570,3.732835117
571,3.695818939
572,3.629990506
573,3.541071558
574,3.449252905
575,3.372489358
576,3.324149282
577,3.307544105
578,3.320290377
579,3.366408485
580,3.455731371
581,3.591283281
582,3.752718401
583,3.89997986
584,4.00173747
585,4.057938155
586,4.08252789
587,4.080689092
588,4.055083488
589,4.012652484
590,3.962240806
591,3.911450408
592,3.86703473
593,3.83539874
594,3.816532022
595,3.808551668
596,3.814478382
597,3.831532728
598,3.848033587
599,3.855564865
600,3.851243795
601,3.831243773
602,3.793229614
603,3.743368594
604,3.693345319
605,3.649754362
606,3.60910289
607,3.563369582
608,3.509265195
609,3.452681844
610,3.405240177
611,3.377711665
612,3.375377586
613,3.395326245
614,3.430314338
615,3.480260325
616,3.549830053
617,3.630519289
618,3.708706002
619,3.783009294
620,3.859113482
621,3.942965664
622,4.03924154
623,4.153226144
624,4.283995901
625,4.420621858
626,4.550001956
627,4.664920816
628,4.763338811
629,4.836539339
630,4.872761936
631,4.86944633
632,4.840891363
633,4.805669151
634,4.775952437
635,4.75859269
636,4.746524369
637,4.731689918
638,4.714180504
639,4.695264986
640,4.675557969
641,4.65597157
642,4.636607236
643,4.614712707
644,4.58545071
645,4.550876322
646,4.520721337
647,4.501470268
648,4.492143704
649,4.490290628
650,4.492762849
651,4.494838699
652,4.492804409
653,4.483233203
654,4.462352865
655,4.432052635
656,4.404362123
657,4.388850822
658,4.384104641
659,4.381966927
660,4.376499567
661,4.365208297
662,4.349523979
663,4.335677815
664,4.327426656
665,4.322070138
666,4.315920791
667,4.30835544
668,4.299794478
669,4.288046995
670,4.270854625
671,4.248644883
672,4.222656434
673,4.193331771
674,4.161387008
675,4.128517239
676,4.095601523
677,4.062424933
678,3.995616511
679,3.869764596
680,3.777566674
681,3.75384857
682,3.748846748
683,3.740958442
684,3.728411407
685,3.708916889
686,3.681303401
687,3.647192697
688,3.61091531
689,3.577936981
690,3.551751913
691,3.532926619
692,3.521255874
693,3.516612254
694,3.519633314
695,3.531152692
696,3.551270451
697,3.576898862
698,3.599583738
699,3.610643848
700,3.609186295
701,3.605704184
702,3.610044008
703,3.622409211
704,3.641314972
705,3.661608512
706,3.679675932
707,3.696415914
708,3.715550456
709,3.738674883
710,3.764836405
711,3.793546675
712,3.824533478
713,3.859237476
714,3.902168215
715,3.956298559
716,4.016484003
717,4.0704247
718,4.109032551
719,4.130911737
720,4.149181078
721,4.24077092
722,4.387268038
723,4.331095901
724,4.272847571
725,4.212372145
726,4.149225995
727,4.089908627
728,4.03706109
729,3.989359612
730,3.951723929
731,3.933273327
732,3.930053144
733,3.935612871
734,3.946184303
735,3.969315225
736,4.000588637
737,4.031423371
738,4.059314275
739,4.076086105
740,4.080935276
741,4.09113908
742,4.12540402
743,4.193363468
744,4.286062499
745,4.371947681
746,4.417636194
747,4.416749066
748,4.387783465
749,4.35389675
750,4.327820234
751,4.308654921
752,4.29376781
753,4.274490991
754,4.236049221
755,4.18188607
756,4.124103992
757,4.0711636
758,4.024304926
759,3.979486751
760,3.938124793
761,3.907704151
762,3.890443705
763,3.880859301
764,3.874733009
765,3.875731261
766,3.877952634
767,3.857355545
768,3.804710106
769,3.735987024
770,3.671427758
771,3.619329444
772,3.573247463
773,3.529821617
774,3.485904506
775,3.449746207
776,3.432643513
777,3.422861471
778,3.407757159
779,3.391830253
780,3.380053175
781,3.378791605
782,3.389838815
783,3.412709634
784,3.459424057
785,3.535199867
786,3.634247745
787,3.74737156
788,3.860486993
789,3.9686399
790,4.083482202
791,4.215218248
792,4.346124233
793,4.439349743
794,4.483277919
795,4.496492401
796,4.491819855
797,4.47125947
798,4.438023418
799,4.402803795
800,4.375835934
801,4.356613774
802,4.336355298
803,4.306562667
804,4.270849175
805,4.232619176
806,4.186252759
807,4.147982322
808,4.116008046
809,4.074722306
810,4.021671358
811,3.969856105
812,3.925543116
813,3.879615145
814,3.82515227
815,3.767958258
816,3.721398201
817,3.687199546
818,3.656981458
819,3.632376404
820,3.621903717
821,3.638742127
822,3.682720039
823,3.74469881
824,3.814646713
825,3.862662417
826,3.870263467
827,3.8506845
828,3.823363008
829,3.798459346
830,3.776855355
831,3.753999979
832,3.730721606
833,3.712542726
834,3.704823196
835,3.712212156
836,3.733648355
837,3.751072738
838,3.731912092
839,3.702753593
840,3.683921809
841,3.664190351
842,3.632244687
843,3.592071854
844,3.558061283
845,3.533874313
846,3.502781679
847,3.459265099
848,3.421937657
849,3.410481767
850,3.43262826
851,3.476297674
852,3.518571996
853,3.543684913
854,3.540285293
855,3.511873088
856,3.477946353
857,3.443163659
858,3.407331428
859,3.371087071
860,3.337651396
861,3.320423684
862,3.32829589
863,3.354113377
864,3.394981968
865,3.45899692
866,3.555804484
867,3.692003977
868,3.861073952
869,4.033367685
870,4.182237604
871,4.306727444
872,4.412293457
873,4.494534897
874,4.547593379
875,4.569073917
876,4.561139425
877,4.535800742
878,4.501976718
879,4.4620106
880,4.423741306
881,4.394904986
882,4.374895729
883,4.357746343
884,4.339660388
885,4.325421638
886,4.319752892
887,4.319070863
888,4.312009469
889,4.296863044
890,4.275409671
891,4.249341352
892,4.217337197
893,4.175670953
894,4.12736925
895,4.083853915
896,4.041412667
897,3.994911899
898,3.953198161
899,3.927456437
900,3.914413685
901,3.908324207
902,3.907939541
903,3.91440635
904,3.920680889
905,3.916765342
906,3.90385759
907,3.890373914
908,3.88335031
909,3.884401596
910,3.895933095
911,3.919755942
912,3.964904691
913,4.038629611
914,4.136127119
915,4.238199708
916,4.324718218
917,4.373055867
918,4.380245118
919,4.339536606
920,4.273509851
921,4.206774874
922,4.145120963
923,4.097888161
924,4.05723154
925,4.009553041
926,3.962500256
927,3.913017229
928,3.859992571
929,3.815993776
930,3.780679592
931,3.744377799
932,3.698762984
933,3.648384127
934,3.616895867
935,3.599092145
936,3.581002206
937,3.554052725
938,3.513846623
939,3.465431436
940,3.418561037
941,3.378818515
942,3.346972994
943,3.319630199
944,3.291408047
945,3.264639799
946,3.247393308
947,3.236572301
948,3.221498462
949,3.204152132
950,3.194283747
951,3.194231657
952,3.194820699
953,3.196760905
954,3.219437199
955,3.29580815
956,3.442367156
957,3.633097028
958,3.821334703
959,3.979666108
960,4.100867019
961,4.18488922
962,4.235435178
963,4.254820104
964,4.242308556
965,4.202803012
966,4.150795041
967,4.087273881
968,4.014728373
969,3.939086952
970,3.867173259
971,3.810122816
972,3.76904383
973,3.735914971
974,3.705197512
975,3.674659559
976,3.644641497
977,3.622964848
978,3.617902037
979,3.643088538
980,3.707064346
981,3.794152761
982,3.87168368
983,3.925057031
984,3.964249243
985,3.995456445
986,4.0075804
987,3.992989996
988,3.958641036
989,3.916493555
990,3.872886729
991,3.833183748
992,3.799195596
993,3.769232384
994,3.737430373
995,3.700411242
996,3.668302284
997,3.652730585
998,3.656741726
999,3.675385709
1000,3.713088084
1001,3.797096789
1002,3.923600829
1003,4.036684775
1004,4.095524683
1005,4.103971118
1006,4.079030823
1007,4.039918594
1008,4.00289662
1009,3.968313377
1010,3.932329723
1011,3.895963445
1012,3.858433263
1013,3.812687631
1014,3.763063879
1015,3.721326254
1016,3.695373868
1017,3.691815459
1018,3.696379079
1019,3.677826374
1020,3.633444025
1021,3.578333088
1022,3.527545601
1023,3.499697375
1024,3.506421876
1025,3.536401611
1026,3.569559813
1027,3.601246297
1028,3.640508661
1029,3.697994864
1030,3.782508723
1031,3.895255083
1032,4.015723377
1033,4.110651913
1034,4.169958121
1035,4.208060375
1036,4.229777671
1037,4.23230507
1038,4.225145819
1039,4.219647188
1040,4.212375916
1041,4.196524505
1042,4.175158555
1043,4.149059815
1044,4.114521902
1045,4.078028018
1046,4.047918226
1047,4.024562685
1048,4.002395352
1049,3.969042524
1050,3.915617961
1051,3.846085786
1052,3.773185935
1053,3.707352048
1054,3.64679742
1055,3.583186395
1056,3.512264759
1057,3.435952224
1058,3.362544223
1059,3.30256634
1060,3.260308722
1061,3.231653966
1062,3.207657454
1063,3.182466845
1064,3.158795868
1065,3.144558261
1066,3.145180425
1067,3.15909787
1068,3.183659758
1069,3.220245893
1070,3.267845503
1071,3.319382283
1072,3.36743568
1073,3.409462341
1074,3.447579978
1075,3.482937653
1076,3.511078476
1077,3.528652809
1078,3.540426264
1079,3.551472433
1080,3.562347502
1081,3.573917541
1082,3.58730726
1083,3.602837129
1084,3.622156343
1085,3.648083557
1086,3.680139961
1087,3.711085684
1088,3.734824683
1089,3.755076541
1090,3.776996734
1091,3.800278568
1092,3.825572397
1093,3.852300799
1094,3.880349979
1095,3.909034283
1096,3.93252489
1097,3.946754242
1098,3.95079461
1099,3.946718546
1100,3.938350086
1101,3.926368578
1102,3.90637053
1103,3.870641902
1104,3.815711873
1105,3.755900525
1106,3.708957173
1107,3.677105747
1108,3.65521999
1109,3.639266485
1110,3.631733211
1111,3.637704563
1112,3.657234408
1113,3.689824449
1114,3.732239097
1115,3.77624486
1116,3.817083717
1117,3.858867434
1118,3.907257343
1119,3.962782182
1120,4.021732516
1121,4.075837132
1122,4.120262072
1123,4.160189875
1124,4.200434357
1125,4.233691563
1126,4.246874473
1127,4.234526589
1128,4.205717049
1129,4.168902598
1130,4.120363109
1131,4.058842826
1132,3.990882516
1133,3.922379925
1134,3.860248994
1135,3.816364241
1136,3.800101815
1137,3.803900519
1138,3.8041403
1139,3.787035885
1140,3.759607752
1141,3.731716803
1142,3.711420303
1143,3.70329433
1144,3.692506357
1145,3.662209169
1146,3.619981378
1147,3.582259968
1148,3.553767214
1149,3.528572783
1150,3.502410683
1151,3.478521375
1152,3.460806889
1153,3.447786147
1154,3.436494408
1155,3.424479722
1156,3.414065074
1157,3.408268098
1158,3.403928045
1159,3.399719603
1160,3.396807167
1161,3.392361678
1162,3.387878875
1163,3.39249042
1164,3.409801493
1165,3.432199546
1166,3.451760597
1167,3.468599493
1168,3.481632948
1169,3.485021647
1170,3.479816688
1171,3.476968888
1172,3.484841196
1173,3.496402888
1174,3.503572973
1175,3.513293632
1176,3.525111484
1177,3.531746673
1178,3.534497072
1179,3.537429838
1180,3.54058306
1181,3.544727454
1182,3.548658512
1183,3.552942756
1184,3.563866233
1185,3.593038858
1186,3.650784493
1187,3.740149994
1188,3.849461081
1189,3.957459638
1190,4.04873422
1191,4.11885252
1192,4.173578499
1193,4.224769291
1194,4.276351661
1195,4.320168186
1196,4.346312857
1197,4.352259962
1198,4.339921336
1199,4.316585738
1200,4.293763508
1201,4.276699232
1202,4.265867192
1203,4.258062629
1204,4.237412526
1205,4.196397192
1206,4.142294766
1207,4.084455388
1208,4.027036798
1209,3.971770056
1210,3.92352527
1211,3.890306644
1212,3.878104886
1213,3.885106613
1214,3.900879552
1215,3.912189244
1216,3.912521833
1217,3.902805771
1218,3.884733965
1219,3.856160895
1220,3.80974843
1221,3.740518203
1222,3.657761687
1223,3.580529312
1224,3.517610531
1225,3.462888393
1226,3.409725926
1227,3.352851624
1228,3.298347127
1229,3.255828348
1230,3.229711047
1231,3.217071601
1232,3.210546102
1233,3.206997808
1234,3.202387477
1235,3.19534343
1236,3.187256696
1237,3.178150503
1238,3.172081052
1239,3.17897866
1240,3.211417819
1241,3.277407206
1242,3.378807512
1243,3.512037242
1244,3.667986671
1245,3.830135031
1246,3.976711975
1247,4.091637949
1248,4.17416306
1249,4.233411195
1250,4.270837051
1251,4.279019305
1252,4.252756018
1253,4.207579276
1254,4.153777902
1255,4.092154604
1256,4.039077104
1257,4.006386124
1258,3.988083176
1259,3.966925779
1260,3.936237403
1261,3.899191788
1262,3.856359514
1263,3.804174761
1264,3.748412977
1265,3.696247925
1266,3.651544358
1267,3.610142938
1268,3.57025768
1269,3.539533969
1270,3.522143961
1271,3.511602982
1272,3.502182912
1273,3.496577385
1274,3.501319566
1275,3.521864789
1276,3.562939169
1277,3.629626772
1278,3.715475646
1279,3.801126479
1280,3.880951125
1281,3.965631218
1282,4.051735011
1283,4.109109974
1284,4.115840634
1285,4.085972458
1286,4.053167253
1287,4.030566491
1288,4.007461068
1289,3.978102475
1290,3.943387482
1291,3.907276851
1292,3.871944666
1293,3.835962442
1294,3.802852624
1295,3.779780484
1296,3.762679639
1297,3.738594663
1298,3.701938564
1299,3.65731403
1300,3.611719258
1301,3.569493319
1302,3.536486939
1303,3.512912755
1304,3.490658572
1305,3.466672637
1306,3.444358261
1307,3.429210999
1308,3.426502411
1309,3.442355859
1310,3.478645558
1311,3.520612179
1312,3.56675575
1313,3.617066637
1314,3.662901712
1315,3.70289922
1316,3.749826157
1317,3.802923327
1318,3.853715412
1319,3.892206165
1320,3.917038454
1321,3.935740764
1322,3.951954195
1323,3.965295743
1324,3.971896419
1325,3.976269516
1326,3.983224994
1327,3.995313974
1328,4.009561862
1329,4.023010042
1330,4.031864792
1331,4.032397203
1332,4.02192713
1333,3.996890142
1334,3.955161082
1335,3.89818673
1336,3.829418908
1337,3.7555816
1338,3.684895131
1339,3.616579789
1340,3.543080336
1341,3.464912447
1342,3.391441768
1343,3.33142351
1344,3.281811059
1345,3.248096104
1346,3.228124586
1347,3.216980385
1348,3.212087871
1349,3.211391952
1350,3.214702572
1351,3.225914338
1352,3.246013336
1353,3.276430594
1354,3.321197133
1355,3.378242468
1356,3.442484863
1357,3.514301515
1358,3.593417748
1359,3.665058221
1360,3.709544489
1361,3.739049155
1362,3.765602747
1363,3.797049797
1364,3.828258912
1365,3.870540609
1366,3.910949583
1367,3.944546217
1368,3.969308281
1369,3.982366181
1370,3.991757083
1371,4.008953302
1372,4.035154752
1373,4.060917051
1374,4.074060254
1375,4.065017472
1376,3.965096102
1377,3.81011871
1378,3.722783486
1379,3.691977245
1380,3.671824144
1381,3.657385079
1382,3.643948215
1383,3.62345253
1384,3.594705528
1385,3.565682624
1386,3.540665748
1387,3.517430433
1388,3.495259336
1389,3.476324492
1390,3.46087074
1391,3.449902044
1392,3.441973885
1393,3.434607353
1394,3.431682309
1395,3.434758722
1396,3.445063197
1397,3.463461652
1398,3.492478565
1399,3.534674712
1400,3.581578382
1401,3.627399771
1402,3.672327792
1403,3.719542556
1404,3.76538916
1405,3.800476255
1406,3.825259719
1407,3.841837537
1408,3.849823202
1409,3.847424107
1410,3.828914827
1411,3.80069393
1412,3.778814077
1413,3.76870591
1414,3.764996723
1415,3.837278772
1416,3.844078274
1417,3.799510038
1418,3.752849921
1419,3.704267182
1420,3.651293039
1421,3.589436542
1422,3.51808829
1423,3.44944319
1424,3.390206317
1425,3.340093339
1426,3.30119169
1427,3.274521009
1428,3.257199465
1429,3.244283698
1430,3.235181093
1431,3.228999381
1432,3.225137823
1433,3.22208553
1434,3.217501259
1435,3.213072017
1436,3.210792135
1437,3.210085998
1438,3.209676546
1439,3.208593167
1440,3.205459273
1441,3.200182192
1442,3.19929389
1443,3.213574267
1444,3.25986332
1445,3.351637841
1446,3.485592004
1447,3.647475875
1448,3.815952587
1449,3.964616286
1450,4.075042829
1451,4.14466501
1452,4.175924505
1453,4.177321048
1454,4.161351914
1455,4.136451448
1456,4.101301408
1457,4.051264162
1458,3.985718122
1459,3.911635863
1460,3.837520559
1461,3.764412929
1462,3.694032345
1463,3.631662143
1464,3.575665624
1465,3.523622488
1466,3.475534767
1467,3.434393606
1468,3.399197572
1469,3.36797983
1470,3.341090061
1471,3.319375792
1472,3.305341046
1473,3.301922118
1474,3.306447438
1475,3.308889923
1476,3.303810429
1477,3.294570903
1478,3.284494979
1479,3.275579759
1480,3.270517476
1481,3.268798541
1482,3.272185458
1483,3.295679532
1484,3.360122359
1485,3.470358301
1486,3.611891886
1487,3.763701145
1488,3.906226908
1489,4.025401597
1490,4.11328081
1491,4.168594863
1492,4.196422021
1493,4.203423887
1494,4.19650276
1495,4.180723183
1496,4.16060748
1497,4.138952249
1498,4.114063833
1499,4.079783869
1500,4.032401455
1501,3.975936971
1502,3.91776724
1503,3.860537143
1504,3.802942413
1505,3.74785239
1506,3.702672687
1507,3.669771381
1508,3.64544281
1509,3.627583835
1510,3.614420836
1511,3.605162688
1512,3.602037531
1513,3.60431356
1514,3.60777086
1515,3.614157617
1516,3.628955126
1517,3.654501288
1518,3.694008019
1519,3.747929576
1520,3.812367236
1521,3.879441997
1522,3.946206003
1523,4.016532011
1524,4.091118405
1525,4.162958579
1526,4.221318828
1527,4.259320508
1528,4.27990568
1529,4.289995389
1530,4.294767722
1531,4.295132079
1532,4.286365255
1533,4.262440136
1534,4.222292166
1535,4.169517669
1536,4.109110256
1537,4.047142216
1538,3.990752379
1539,3.942309326
1540,3.899686533
1541,3.861763834
1542,3.829809634
1543,3.804686451
1544,3.784491173
1545,3.766321495
1546,3.749811318
1547,3.736884343
1548,3.725503584
1549,3.71308534
1550,3.700702787
1551,3.688961276
1552,3.676839734
1553,3.662632936
1554,3.645741271
1555,3.627508271
1556,3.609531138
1557,3.593510767
1558,3.580096376
1559,3.571517298
1560,3.570393288
1561,3.578245251
1562,3.595683891
1563,3.622498245
1564,3.659599315
1565,3.708968593
1566,3.770540112
1567,3.841527469
1568,3.916447347
1569,3.987072965
1570,4.045848019
1571,4.088878235
1572,4.113580499
1573,4.117598109
1574,4.10149763
1575,4.070206648
1576,4.03034072
1577,3.986684791
1578,3.942799551
1579,3.901868728
1580,3.86472841
1581,3.830528759
1582,3.800857424
1583,3.77743456
1584,3.759113513
1585,3.744798206
1586,3.735359138
1587,3.73098324
1588,3.728851711
1589,3.725963569
1590,3.720258584
1591,3.710283729
1592,3.697536669
1593,3.68331829
1594,3.666910077
1595,3.648050288
1596,3.626910912
1597,3.603272131
1598,3.577245663
1599,3.550294705
1600,3.522380525
1601,3.493458477
1602,3.466377242
1603,3.444176114
1604,3.427584863
1605,3.417151253
1606,3.415295698
1607,3.422847878
1608,3.437834234
1609,3.45883754
1610,3.484813258
1611,3.513548294
1612,3.542832925
1613,3.570218089
1614,3.593975196
1615,3.615169703
1616,3.635496499
1617,3.654387249
1618,3.669811554
1619,3.682684959
1620,3.694368703
1621,3.70274363
1622,3.706505032
1623,3.704736987
1624,3.696815205
1625,3.68489926
1626,3.672222703
1627,3.66035065
1628,3.650161135
1629,3.6446245
1630,3.645622327
1631,3.651798402
1632,3.659391108
1633,3.66361969
1634,3.659283931
1635,3.643381892
1636,3.618561061
1637,3.58827953
1638,3.555517706
1639,3.525409
1640,3.502275896
1641,3.489147031
1642,3.487502506
1643,3.496054089
1644,3.513152639
1645,3.537812328
1646,3.572805135
1647,3.625437696
1648,3.694895436
1649,3.772422689
1650,3.853338962
1651,3.931396904
1652,3.999481911
1653,4.05574553
1654,4.100754669
1655,4.130652366
1656,4.142440782
1657,4.138895395
1658,4.125675829
1659,4.108083331
1660,4.090092551
1661,4.075405433
1662,4.064225764
1663,4.051131198
1664,4.030722764
1665,4.002038856
1666,3.965542608
1667,3.919896883
1668,3.868255268
1669,3.816656089
1670,3.767365072
1671,3.721031452
1672,3.680565937
1673,3.647797218
1674,3.62187355
1675,3.599528779
1676,3.579719265
1677,3.563825994
1678,3.551827641
1679,3.543576453
1680,3.538294995
1681,3.535773729
1682,3.537190712
1683,3.543945992
1684,3.555014367
1685,3.569890324
1686,3.588155474
1687,3.607998506
1688,3.628820846
1689,3.650776993
1690,3.671794046
1691,3.690762867
1692,3.711036271
1693,3.737959841
1694,3.776401998
1695,3.828179203
1696,3.891099457
1697,3.953982602
1698,4.001538575
1699,4.027476225
1700,4.034575034
1701,4.026457396
1702,4.005562798
1703,3.972946314
1704,3.933308044
1705,3.890729763
1706,3.84809224
1707,3.808749028
1708,3.7714155
1709,3.733560819
1710,3.693719153
1711,3.651690535
1712,3.61122614
1713,3.577247455
1714,3.555359257
1715,3.550297282
1716,3.563554029
1717,3.59208429
1718,3.630866643
1719,3.67300961
1720,3.709129432
1721,3.73168149
1722,3.739205712
1723,3.734974525
1724,3.722499177
1725,3.702631329
1726,3.678075973
1727,3.653689574
1728,3.633179678
1729,3.618064574
1730,3.609769532
1731,3.612320909
1732,3.628858475
1733,3.659999919
1734,3.701112318
1735,3.743023723
1736,3.782128575
1737,3.818066013
1738,3.849334242
1739,3.873856459
1740,3.888657969
1741,3.893099065
1742,3.888474633
1743,3.874988856
1744,3.853889499
1745,3.828596937
1746,3.80316385
1747,3.77874816
1748,3.753921213
1749,3.729078898
1750,3.704989823
1751,3.680696338
1752,3.655313355
1753,3.629215792
1754,3.602019873
1755,3.573451783
1756,3.544327895
1757,3.515227465
1758,3.486398498
1759,3.460521484
1760,3.439220589
1761,3.421935462
1762,3.410014119
1763,3.404969045
1764,3.407302041
1765,3.415343283
1766,3.42593545
1767,3.437898722
1768,3.45231427
1769,3.468727122
1770,3.485946005
1771,3.503834091
1772,3.522973121
1773,3.541795185
1774,3.561423689
1775,3.583923672
1776,3.607904545
1777,3.633156793
1778,3.660029544
1779,3.687648487
1780,3.715792046
1781,3.744968361
1782,3.777537541
1783,3.814547977
1784,3.854895573
1785,3.897064948
1786,3.938087849
1787,3.972406457
1788,3.99529414
1789,4.00376289
1790,3.994701393
1791,3.966588589
1792,3.925003094
1793,3.881942843
1794,3.841163272
1795,3.798239648
1796,3.753422295
1797,3.708530311
1798,3.662328129
1799,3.617108498
1800,3.576022305
1801,3.541354557
1802,3.512956636
1803,3.491583093
1804,3.478678335
1805,3.473127871
1806,3.472230753
1807,3.473009763
1808,3.474197275
1809,3.476018885
1810,3.478131728
1811,3.482111306
1812,3.489522133
1813,3.498099761
1814,3.504392387
1815,3.506659937
1816,3.505511799
1817,3.50334295
1818,3.501734199
1819,3.500905369
1820,3.502733525
1821,3.508807185
1822,3.517586278
1823,3.527984508
1824,3.542614682
1825,3.562174794
1826,3.583840118
1827,3.604553028
1828,3.620015763
1829,3.631709294
1830,3.638770128
1831,3.641899899
1832,3.640022412
1833,3.632683208
1834,3.621786261
1835,3.61008367
1836,3.599491146
1837,3.589706698
1838,3.579657412
1839,3.570218486
1840,3.563216432
1841,3.559713343
1842,3.558026735
1843,3.556312241
1844,3.556624965
1845,3.56118474
1846,3.572533726
1847,3.588705494
1848,3.608315792
1849,3.632653938
1850,3.663301417
1851,3.698455831
1852,3.733964703
1853,3.766052953
1854,3.791196134
1855,3.8088567
1856,3.818663676
1857,3.818778079
1858,3.807875833
1859,3.787343145
1860,3.763253798
1861,3.73951484
1862,3.717829926
1863,3.698849661
1864,3.68265838
1865,3.669545001
1866,3.65939942
1867,3.649293329
1868,3.637196869
1869,3.622626284
1870,3.604632765
1871,3.586072593
1872,3.569139979
1873,3.553789046
1874,3.539925687
1875,3.527601108
1876,3.515846299
1877,3.502801439
1878,3.488438202
1879,3.474021193
1880,3.460880906
1881,3.448623391
1882,3.440304685
1883,3.43722839
1884,3.438489696
1885,3.444883092
1886,3.458676714
1887,3.482251346
1888,3.516450277
1889,3.563178722
1890,3.617109509
1891,3.673219663
1892,3.736973569
1893,3.814140172
1894,3.896570903
1895,3.970241421
1896,4.021802784
1897,4.046811214
1898,4.045426074
1899,4.024562167
1900,3.993190827
1901,3.957347895
1902,3.923250291
1903,3.894042347
1904,3.867045455
1905,3.840691075
1906,3.814692307
1907,3.785843294
1908,3.755975903
1909,3.72956102
1910,3.705995044
1911,3.686181138
1912,3.665979856
1913,3.642364869
1914,3.618780891
1915,3.596759287
1916,3.57460752
1917,3.553710269
1918,3.535995002
1919,3.52073109
1920,3.506256967
1921,3.49030947
1922,3.471390178
1923,3.451862156
1924,3.433014003
1925,3.413954022
1926,3.394987218
1927,3.377875948
1928,3.361522619
1929,3.346906692
1930,3.334096555
1931,3.327614888
1932,3.332212869
1933,3.351629838
1934,3.388361673
1935,3.449454014
1936,3.532365294
1937,3.62219946
1938,3.705761096
1939,3.775139237
1940,3.828012315
1941,3.86411308
1942,3.884354226
1943,3.891918399
1944,3.890526763
1945,3.881673286
1946,3.866723756
1947,3.848005515
1948,3.828605349
1949,3.810374957
1950,3.791481766
1951,3.77108533
1952,3.75132294
1953,3.733724768
1954,3.716640441
1955,3.699727214
1956,3.683399503
1957,3.667337317
1958,3.653088663
1959,3.641295285
1960,3.630417425
1961,3.618347455
1962,3.603508187
1963,3.58467726
1964,3.561494279
1965,3.535353413
1966,3.505671892
1967,3.473882173
1968,3.442087073
1969,3.412237909
1970,3.382897645
1971,3.354209232
1972,3.326765868
1973,3.303406699
1974,3.286785911
1975,3.28052674
1976,3.287738355
1977,3.306274104
1978,3.327442335
1979,3.346251036
1980,3.363230335
1981,3.380513417
1982,3.400057857
1983,3.423893734
1984,3.455520317
1985,3.499065694
1986,3.554563869
1987,3.614562155
1988,3.671133818
1989,3.722148015
1990,3.765772005
1991,3.798309562
1992,3.81596147
1993,3.817568286
1994,3.8084204
1995,3.794116381
1996,3.775349322
1997,3.751936634
1998,3.726978584
1999,3.702109838
2000,3.677175954
2001,3.652519505
2002,3.628110293
2003,3.60549825
2004,3.586645573
2005,3.571512914
2006,3.556837917
2007,3.537718548
2008,3.509153032
2009,3.470134263
2010,3.42520265
2011,3.380721138
2012,3.342653996
2013,3.312897177
2014,3.289990258
2015,3.273831065
2016,3.266038061
2017,3.267376644
2018,3.275401454
2019,3.28704483
2020,3.301287506
2021,3.320021707
2022,3.346159655
2023,3.378936126
2024,3.415163487
2025,3.452408645
2026,3.489300723
2027,3.524796696
2028,3.557982038
2029,3.587666157
2030,3.614204682
2031,3.638325177
2032,3.659254853
2033,3.676479145
2034,3.689871815
2035,3.698985191
2036,3.702710567
2037,3.701137925
2038,3.69572632
2039,3.686602226
2040,3.673902091
2041,3.658162598
2042,3.639312319
2043,3.617275368
2044,3.59348315
2045,3.571240912
2046,3.553801839
2047,3.541873753
2048,3.534487788
2049,3.531302357
2050,3.5322966
2051,3.538245024
2052,3.551577249
2053,3.57413709
2054,3.604587229
2055,3.639987993
2056,3.676937179
2057,3.713672174
2058,3.750397443
2059,3.789004606
2060,3.832750813
2061,3.88367802
2062,3.938927023
2063,3.992357559
2064,4.040114142
2065,4.080731624
2066,4.114085456
2067,4.138855418
2068,4.15186608
2069,4.151208712
2070,4.137978335
2071,4.115686167
2072,4.08896492
2073,4.060009784
2074,4.031035398
2075,4.004468436
2076,3.982143105
2077,3.965972175
2078,3.955552387
2079,3.94588657
2080,3.932625585
2081,3.915031063
2082,3.892541808
2083,3.865304576
2084,3.835696678
2085,3.805426089
2086,3.775647033
2087,3.74759651
2088,3.721344097
2089,3.696464041
2090,3.672810961
2091,3.65097577
2092,3.631376293
2093,3.61564997
2094,3.602420976
2095,3.589026642
2096,3.575441328
2097,3.562711212
2098,3.55347509
2099,3.548496681
2100,3.546611097
2101,3.547219059
2102,3.54888458
2103,3.549248839
2104,3.547187944
2105,3.544192715
2106,3.541777733
2107,3.538928273
2108,3.534383134
2109,3.528319374
2110,3.520648443
2111,3.513723554
2112,3.514695185
2113,3.526989231
2114,3.548856338
2115,3.577641323
2116,3.610555879
2117,3.642625947
2118,3.663708265
2119,3.666516322
2120,3.648675178
2121,3.607846442
2122,3.547689217
2123,3.478023289
2124,3.408465043
2125,3.348329575
2126,3.304315848
2127,3.275548549
2128,3.257120109
2129,3.246718882
2130,3.245063926
2131,3.254147003
2132,3.274419714
2133,3.306167125
2134,3.349680358
2135,3.404645884
2136,3.473859865
2137,3.56114427
2138,3.664411131
2139,3.773805078
2140,3.878423557
2141,3.971396566
2142,4.046567158
2143,4.10143975
2144,4.138720007
2145,4.157416292
2146,4.156451817
2147,4.138523549
2148,4.110294114
2149,4.078067041
2150,4.045332484
2151,4.014341363
2152,3.98409439
2153,3.950920626
2154,3.912953996
2155,3.871367783
2156,3.829162484
2157,3.790231875
2158,3.75770165
2159,3.73175914
2160,3.710052892
2161,3.690563304
2162,3.670272421
2163,3.643252762
2164,3.606892397
2165,3.565033416
2166,3.522022092
2167,3.47984965
2168,3.439525817
2169,3.404257695
2170,3.377335277
2171,3.358840657
2172,3.350841625
2173,3.351441415
2174,3.358881577
2175,3.372333212
2176,3.391488972
2177,3.415018116
2178,3.441108168
2179,3.46795884
2180,3.495296325
2181,3.5225948
2182,3.550232718
2183,3.579774152
2184,3.610626766
2185,3.639306844
2186,3.663160243
2187,3.68385797
2188,3.704687803
2189,3.725098259
2190,3.742525253
2191,3.756726566
2192,3.767070892
2193,3.771766931
2194,3.770926466
2195,3.764529358
2196,3.750742385
2197,3.727375775
2198,3.696465734
2199,3.661830423
2200,3.626711389
2201,3.593331528
2202,3.563152845
2203,3.537751372
2204,3.518960513
2205,3.506798542
2206,3.49846409
2207,3.491196594
2208,3.483351892
2209,3.475032603
2210,3.465370609
2211,3.453456856
2212,3.43880934
2213,3.421613516
2214,3.402615278
2215,3.383385418
2216,3.366989658
2217,3.355222825
2218,3.347913545
2219,3.344122237
2220,3.342677282
2221,3.342710972
2222,3.34406148
2223,3.347150696
2224,3.353261401
2225,3.363960739
2226,3.380180062
2227,3.403918911
2228,3.439054724
2229,3.487981598
2230,3.548849734
2231,3.615084553
2232,3.678045867
2233,3.732729427
2234,3.777277183
2235,3.809461018
2236,3.82824654
2237,3.835199894
2238,3.831572826
2239,3.821354007
2240,3.806635062
2241,3.785613635
2242,3.758643172
2243,3.726539312
2244,3.689771436
2245,3.648554676
2246,3.601372343
2247,3.544317875
2248,3.480211418
2249,3.413462829
2250,3.353792741
2251,3.305079716
2252,3.265410853
2253,3.234803947
2254,3.213199673
2255,3.199277686
2256,3.192689225
2257,3.194937161
2258,3.205165346
2259,3.222227868
2260,3.244926488
2261,3.269892749
2262,3.295725028
2263,3.32222176
2264,3.350272559
2265,3.383875327
2266,3.427398285
2267,3.480294023
2268,3.537538731
2269,3.594772212
2270,3.650643109
2271,3.704562224
2272,3.753958602
2273,3.795146171
2274,3.826627997
2275,3.848850215
2276,3.861896153
2277,3.8665734
2278,3.866442678
2279,3.865714392
2280,3.86300908
2281,3.85771996
2282,3.849623279
2283,3.829140119
2284,3.795220914
2285,3.755126297
2286,3.709474211
2287,3.657992404
2288,3.602184389
2289,3.545886354
2290,3.490172247
2291,3.439025468
2292,3.399254635
2293,3.367211168
2294,3.338386152
2295,3.317064973
2296,3.302485993
2297,3.297038309
2298,3.298402653
2299,3.303965634
2300,3.314656675
2301,3.331972099
2302,3.355669205
2303,3.38633448
2304,3.424973441
2305,3.469426038
2306,3.511440031
2307,3.549049096
2308,3.580420415
2309,3.603132632
2310,3.619102995
2311,3.630289562
2312,3.637039088
2313,3.640707905
2314,3.6407623
2315,3.63638112
2316,3.629472251
2317,3.621026907
2318,3.609960421
2319,3.598820702
2320,3.59060055
2321,3.583822998
2322,3.578763169
2323,3.576101798
2324,3.572994562
2325,3.566712932
2326,3.555866704
2327,3.539325723
2328,3.515750863
2329,3.483835247
2330,3.444331223
2331,3.401728905
2332,3.361299236
2333,3.324416003
2334,3.291356781
2335,3.263415555
2336,3.241286637
2337,3.224958264
2338,3.213299858
2339,3.206459065
2340,3.20612125
2341,3.215180537
2342,3.238767628
2343,3.280832838
2344,3.339479899
2345,3.407519536
2346,3.477521553
2347,3.543717525
2348,3.602693738
2349,3.652535026
2350,3.692222545
2351,3.72517044
2352,3.752075731
2353,3.769939603
2354,3.777532394
2355,3.773940761
2356,3.762765141
2357,3.748187389
2358,3.732301984
2359,3.719045376
2360,3.709919896
2361,3.703841312
2362,3.700549791
2363,3.699036253
2364,3.695185552
2365,3.686811977
2366,3.672473921
2367,3.651529327
2368,3.624759764
2369,3.594330479
2370,3.561345485
2371,3.525202913
2372,3.484816638
2373,3.440314829
2374,3.394797241
2375,3.352193057
2376,3.315555922
2377,3.287330904
2378,3.267564538
2379,3.253535379
2380,3.243003263
2381,3.236794716
2382,3.23661768
2383,3.24267253
2384,3.255845078
2385,3.276919275
2386,3.304571543
2387,3.337883825
2388,3.374615783
2389,3.410220929
2390,3.441993097
2391,3.470306858
2392,3.492454133
2393,3.508010585
2394,3.518663969
2395,3.525330861
2396,3.52970269
2397,3.533270302
2398,3.536166161
2399,3.538489125
2400,3.538279614
2401,3.534784665
2402,3.528051835
2403,3.516086491
2404,3.497906265
2405,3.474630459
2406,3.450060684
2407,3.423009137
2408,3.395504263
2409,3.370914397
2410,3.348754389
2411,3.327383456
2412,3.307659957
2413,3.291017052
2414,3.278459972
2415,3.269721527
2416,3.265918838
2417,3.267223132
2418,3.274117395
2419,3.288211139
2420,3.309538356
2421,3.338102932
2422,3.372499155
2423,3.40843458
2424,3.444967318
2425,3.483804154
2426,3.529420518
2427,3.590831116
2428,3.67358617
2429,3.772166583
2430,3.871448377
2431,3.957269953
2432,4.022955093
2433,4.067595114
2434,4.093180772
2435,4.105388326
2436,4.106451345
2437,4.098210615
2438,4.083441346
2439,4.064547845
2440,4.042902929
2441,4.019930205
2442,3.996275528
2443,3.971923542
2444,3.943640642
2445,3.905479717
2446,3.860344025
2447,3.81650392
2448,3.776932017
2449,3.738706389
2450,3.697630701
2451,3.652880503
2452,3.604841288
2453,3.553459211
2454,3.500108929
2455,3.447693097
2456,3.396342912
2457,3.349670579
2458,3.31264749
2459,3.284553197
2460,3.264643732
2461,3.253165783
2462,3.247845248
2463,3.246286702
2464,3.248062365
2465,3.253365349
2466,3.265480284
2467,3.286718116
2468,3.317643165
2469,3.360661363
2470,3.41506581
2471,3.476124232
2472,3.53928947
2473,3.600556394
2474,3.656510772
2475,3.706613469
2476,3.75373959
2477,3.801228182
2478,3.850262227
2479,3.898863558
2480,3.944689351
2481,3.921917335
2482,3.960226989
2483,3.98912252
2484,4.004623998
2485,4.003801448
2486,3.986720385
2487,3.954114459
2488,3.908025227
2489,3.853231394
2490,3.793400046
2491,3.73155151
2492,3.669675915
2493,3.608874242
2494,3.550447503
2495,3.495648777
2496,3.445861051
2497,3.402837017
2498,3.369427758
2499,3.346653304
2500,3.333846093
2501,3.332566227
2502,3.342660923
2503,3.361595959
2504,3.386637735
2505,3.416569435
2506,3.451031227
2507,3.490322557
2508,3.535402741
2509,3.589601855
2510,3.658562493
2511,3.739470081
2512,3.822766276
2513,3.905381446
2514,3.984334334
2515,4.050932117
2516,4.099426196
2517,4.126062724
2518,4.131702659
2519,4.126941769
2520,4.119064124
2521,4.106339483
2522,4.084029668
2523,4.060614056
2524,4.042319264
2525,4.021928597
2526,3.992371999
2527,3.954578086
2528,3.911071797
2529,3.86550559
2530,3.818226544
2531,3.770711138
2532,3.720563697
2533,3.667854743
2534,3.615445988
2535,3.5608242
2536,3.502058674
2537,3.440377839
2538,3.377586878
2539,3.320872777
2540,3.268922926
2541,3.219791355
2542,3.177789512
2543,3.146230605
2544,3.128064318
2545,3.122249415
2546,3.129741852
2547,3.148767544
2548,3.171740192
2549,3.198671136
2550,3.227041956
2551,3.256243977
2552,3.285750003
2553,3.315708836
2554,3.345954242
2555,3.374102499
2556,3.399286647
2557,3.423755823
2558,3.445317162
2559,3.461611466
2560,3.474201106
2561,3.485208915
2562,3.494215707
2563,3.501887993
2564,3.506432855
2565,3.506930563
2566,3.504613754
2567,3.50010965
2568,3.490857308
2569,3.479077928
2570,3.464122223
2571,3.445540979
2572,3.424388127
2573,3.402185848
2574,3.386915581
2575,3.400802727
2576,3.3750457
2577,3.349492222
2578,3.326235657
2579,3.3054717
2580,3.286228485
2581,3.266337778
2582,3.2436791
2583,3.218823939
2584,3.1955932
2585,3.179463333
2586,3.170190606
2587,3.1668104
2588,3.16874899
2589,3.175696364
2590,3.1866368
2591,3.201095758
2592,3.218267879
2593,3.241001
2594,3.267883333
2595,3.297257
2596,3.328610505
2597,3.363031515
2598,3.4026328
2599,3.44611
2600,3.489475657
2601,3.5301325
2602,3.567702424
2603,3.6040752
2604,3.640952727
2605,3.676893535
2606,3.7097878
2607,3.738090606
2608,3.758721818
2609,3.769836
2610,3.771052727
2611,3.76247
2612,3.745653838
2613,3.723601515
2614,3.6987566
2615,3.672322828
2616,3.645484444
2617,3.6173365
2618,3.587182727
2619,3.5554228
2620,3.523017677
2621,3.491433636
2622,3.461774
2623,3.433080303
2624,3.405719899
2625,3.38032
2626,3.35360697
2627,3.3243869
2628,3.294629394
2629,3.267464545
2630,3.2457247
2631,3.22937
2632,3.217895455
2633,3.211456
2634,3.211825556
2635,3.219953636
2636,3.2334584
2637,3.252661212
2638,3.2774886
2639,3.306459091
2640,3.337447071
2641,3.366104
2642,3.39208
2643,3.417154545
2644,3.4428516
2645,3.472070101
2646,3.5060736
2647,3.542962727
2648,3.578146566
2649,3.6079105
2650,3.634026667
2651,3.6587
2652,3.6813695
2653,3.701952929
2654,3.7170032
2655,3.722838384
2656,3.716523939
2657,3.696336
2658,3.662678687
2659,3.617697172
2660,3.5637096
2661,3.502812727
2662,3.4421411
2663,3.402334545
2664,3.371697576
2665,3.3466475
2666,3.3243
2667,3.303743232
2668,3.2827036
2669,3.260642222
2670,3.2387126
2671,3.216876061
2672,3.197575253
2673,3.179834
2674,3.164459293
2675,3.151944545
2676,3.1429922
2677,3.135884242
2678,3.129748384
2679,3.1259172
2680,3.122960303
2681,3.122802
2682,3.123330808
2683,3.124634848
2684,3.126734
2685,3.129911212
2686,3.133385556
2687,3.1369562
2688,3.141170707
2689,3.145569
2690,3.151146364
2691,3.157046465
2692,3.1636472
2693,3.17122404
2694,3.18017697
2695,3.1893586
2696,3.198778283
2697,3.207895
2698,3.217005556
2699,3.228143333
2700,3.2396641
2701,3.253070707
2702,3.26735697
2703,3.2828648
2704,3.30018
2705,3.31853
2706,3.337024848
2707,3.3555616
2708,3.376656768
2709,3.398564242
2710,3.4227532
2711,3.448196465
2712,3.476373
2713,3.504871111
2714,3.533937576
2715,3.5604864
2716,3.585789697
2717,3.608133939
2718,3.6290997
2719,3.645334545
2720,3.660366869
2721,3.6729552
2722,3.683051111
2723,3.6907372
2724,3.693831818
2725,3.694815152
2726,3.6921324
2727,3.688309697
2728,3.681455152
2729,3.6740888
2730,3.665970202
2731,3.6575767
2732,3.649099596
2733,3.640698182
2734,3.6324941
2735,3.624902121
2736,3.617578889
2737,3.6111127
2738,3.605154242
2739,3.6001564
2740,3.596583333
2741,3.595009192
2742,3.5969076
2743,3.601229394
2744,3.609176364
2745,3.6183002
2746,3.629156263
2747,3.6403866
2748,3.652390909
2749,3.666006263
2750,3.6808323
2751,3.695783939
2752,3.710562727
2753,3.7243729
2754,3.738011717
2755,3.7517088
2756,3.765316869
2757,3.779086667
2758,3.793219
2759,3.807786566
2760,3.822871919
2761,3.8381408
2762,3.853498182
2763,3.869172525
2764,3.8849548
2765,3.900036566
2766,3.9142927
2767,3.928076667
2768,3.941381717
2769,3.9541022
2770,3.965985556
2771,3.976952424
2772,3.9868525
2773,3.995466768
2774,4.0032216
2775,4.009804444
2776,4.015500909
2777,4.019998
2778,4.023439293
2779,4.025899293
2780,4.0275796
2781,4.02862697
2782,4.0290862
2783,4.029146364
2784,4.02901