Age (ka),d18O (permil)
0,3.158369
1,3.158207034
2,3.15128849
3,3.144738028
4,3.142786342
5,3.150330863
6,3.173091926
7,3.21435208
8,3.259764931
9,3.324990139
10,3.418239334
11,3.529091239
12,3.648314728
13,3.771847562
14,3.888135605
15,3.987879291
16,4.119285059
17,4.28232545
18,4.45171448
19,4.601252654
20,4.715938285
21,4.790913899
22,4.794688526
23,4.786233255
24,4.773356538
25,4.749973756
26,4.713523842
27,4.670677957
28,4.630424733
29,4.624865175
30,4.619801658
31,4.606074937
32,4.589562874
33,4.566151161
34,4.529299487
35,4.493087256
36,4.471650349
37,4.454936993
38,4.430427395
39,4.40212667
40,4.374996219
41,4.341453566
42,4.29990608
43,4.265301363
44,4.255209152
45,4.296354767
46,4.352080535
47,4.375032865
48,4.371191765
49,4.350337638
50,4.317403669
51,4.272007925
52,4.22330572
53,4.22912195
54,4.289061397
55,4.319103793
56,4.311060243
57,4.269028659
58,4.212624155
59,4.173798121
60,4.181504871
61,4.223230093
62,4.204720043
63,4.149781761
64,4.151511814
65,4.213109217
66,4.272032893
67,4.328658026
68,4.376570539
69,4.405273322
70,4.419781693
71,4.432611825
72,4.439819421
73,4.42390088
74,4.376746933
75,4.311645735
76,4.239939426
77,4.157958877
78,4.090309353
79,4.044023912
80,3.986604313
81,3.946734458
82,3.938914906
83,3.8976784
84,3.839199177
85,3.762262712
86,3.689012687
87,3.642992772
88,3.647469299
89,3.724512591
90,3.841081491
91,3.94903162
92,4.015228454
93,4.027264959
94,3.912356754
95,3.861375228
96,3.830430423
97,3.803065286
98,3.778971664
99,3.753172711
100,3.72113137
101,3.689938069
102,3.669805867
103,3.658618422
104,3.657593511
105,3.668535088
106,3.688093841
107,3.710192821
108,3.733386878
109,3.755101113
110,3.768609762
111,3.774422664
112,3.787934865
113,3.804259529
114,3.957869282
115,3.923843031
116,3.858879365
117,3.771738948
118,3.658389664
119,3.534912614
120,3.435197436
121,3.340753159
122,3.232817526
123,3.13587978
124,3.076005283
125,3.041073129
126,3.020588984
127,3.033859003
128,3.126623714
129,3.282962179
130,3.468352899
131,3.676718501
132,3.889783605
133,4.010216755
134,4.061162476
135,4.214349139
136,4.402798723
137,4.541489677
138,4.658032487
139,4.723475504
140,4.746452715
141,4.762543737
142,4.754987358
143,4.721159132
144,4.6800903
145,4.6404157
146,4.611718541
147,4.589221354
148,4.563020789
149,4.532816584
150,4.508395591
151,4.493391836
152,4.48602241
153,4.487246876
154,4.497417167
155,4.512408265
156,4.53043987
157,4.549101885
158,4.575290452
159,4.60165637
160,4.598453223
161,4.574000652
162,4.538628616
163,4.499336503
164,4.462038703
165,4.431947862
166,4.412833231
167,4.390894079
168,4.367604315
169,4.354327047
170,4.350494262
171,4.317953127
172,4.25707444
173,4.210564514
174,4.193086033
175,4.202868636
176,4.253983866
177,4.29730055
178,4.312718129
179,4.321781786
180,4.319430743
181,4.296647231
182,4.282459345
183,4.314453047
184,4.365998569
185,4.359231309
186,4.30879368
187,4.233512796
188,4.137798746
189,4.019325898
190,3.902157826
191,3.81554675
192,3.773262128
193,3.748396099
194,3.668143502
195,3.566095383
196,3.478720295
197,3.429587443
198,3.438033709
199,3.511011693
200,3.590245341
201,3.625708207
202,3.628642572
203,3.606355629
204,3.576950765
205,3.532841385
206,3.470671549
207,3.420460054
208,3.392367169
209,3.379611729
210,3.399987267
211,3.469770152
212,3.582201146
213,3.724924911
214,3.887814107
215,4.041369683
216,4.148490295
217,4.212368022
218,4.257051018
219,4.27539228
220,4.254268642
221,4.202193668
222,4.147266909
223,4.109772554
224,4.078084782
225,4.037883676
226,3.98765915
227,3.909650159
228,3.80444312
229,3.675642467
230,3.548018949
231,3.448939765
232,3.37914369
233,3.348063954
234,3.370575411
235,3.466094132
236,3.614378144
237,3.780436015
238,3.94683143
239,4.093632755
240,4.199500277
241,4.268976307
242,4.33448324
243,4.398781841
244,4.446614749
245,4.468754772
246,4.474601942
247,4.458113901
248,4.4184927
249,4.379947199
250,4.360746313
251,4.349048634
252,4.328278926
253,4.309681484
254,4.310254357
255,4.32102481
256,4.330086184
257,4.347552754
258,4.369298343
259,4.376836332
260,4.375618877
261,4.390874034
262,4.425959482
263,4.454629802
264,4.450728169
265,4.415369632
266,4.375470978
267,4.337261695
268,4.291084546
269,4.256396225
270,4.241370462
271,4.218076539
272,4.162294062
273,4.168171466
274,4.136019314
275,4.087117021
276,4.041105135
277,4.01089208
278,4.003430803
279,4.007519758
280,4.02595868
281,4.081060814
282,4.151500562
283,4.202616579
284,4.23519711
285,4.244663809
286,4.234404894
287,4.213182828
288,4.177978011
289,4.128959997
290,4.071366714
291,4.02189176
292,3.990705887
293,3.957715561
294,3.915778704
295,3.884856799
296,3.862806947
297,3.82846548
298,3.773918123
299,3.711197098
300,3.658774687
301,3.624507183
302,3.60524305
303,3.589375492
304,3.575202445
305,3.562603437
306,3.551812521
307,3.542626746
308,3.534736339
309,3.528426564
310,3.52159652
311,3.512947249
312,3.501712146
313,3.486126261
314,3.454679644
315,3.409200074
316,3.356933198
317,3.301650808
318,3.246188397
319,3.19390259
320,3.158047949
321,3.129802698
322,3.107907446
323,3.091266362
324,3.081732109
325,3.078951976
326,3.084217018
327,3.102272923
328,3.135660254
329,3.194578372
330,3.288339173
331,3.397785526
332,3.520268083
333,3.640944735
334,3.756620006
335,3.867231724
336,3.969940345
337,4.070469653
338,4.202933539
339,4.413969091
340,4.595244823
341,4.681710617
342,4.655484456
343,4.583575172
344,4.523769297
345,4.481264642
346,4.415778153
347,4.348861387
348,4.327269601
349,4.345922103
350,4.362799392
351,4.374230667
352,4.374546513
353,4.367817201
354,4.349896702
355,4.312679495
356,4.286039301
357,4.258088779
358,4.224695068
359,4.185292153
360,4.144464399
361,4.113477343
362,4.100613319
363,4.104659097
364,4.108519
365,4.101449563
366,4.090746596
367,4.07900729
368,4.065268798
369,4.045703635
370,4.017996695
371,3.985750392
372,3.951751581
373,3.922137953
374,3.905702416
375,3.905951841
376,3.896724967
377,3.868458909
378,3.837474378
379,3.813857631
380,3.783121056
381,3.751132248
382,3.75208658
383,3.772017177
384,3.768090676
385,3.739192157
386,3.689605086
387,3.622933452
388,3.561674887
389,3.509977275
390,3.464486234
391,3.419978547
392,3.371372531
393,3.321098749
394,3.272314519
395,3.215996366
396,3.156863379
397,3.104582056
398,3.072596687
399,3.060238336
400,3.052243047
401,3.053523368
402,3.067866395
403,3.09526931
404,3.11278922
405,3.121767977
406,3.13472851
407,3.155256471
408,3.184709027
409,3.230931666
410,3.283500987
411,3.336726817
412,3.387118565
413,3.433803697
414,3.479388839
415,3.5308083
416,3.576683922
417,3.61327609
418,3.646986652
419,3.687322947
420,3.740301501
421,3.808781323
422,3.892692474
423,3.987425992
424,4.087910488
425,4.198888687
426,4.328256194
427,4.464195179
428,4.593589687
429,4.70818524
430,4.799507335
431,4.860440247
432,4.892156991
433,4.90095471
434,4.888777828
435,4.87292179
436,4.861879706
437,4.834659228
438,4.808050252
439,4.780711159
440,4.752060926
441,4.723266041
442,4.695863865
443,4.666686041
444,4.630231302
445,4.592361866
446,4.553387264
447,4.512255112
448,4.478857487
449,4.461611939
450,4.451237884
451,4.439421101
452,4.426812685
453,4.417442457
454,4.416660122
455,4.422220393
456,4.422997514
457,4.412616272
458,4.397185861
459,4.381810294
460,4.369018612
461,4.361441355
462,4.356328885
463,4.349680015
464,4.337571315
465,4.319504119
466,4.297690161
467,4.273625192
468,4.247061087
469,4.216558216
470,4.18061409
471,4.139711349
472,4.096535619
473,4.056162734
474,4.026397668
475,4.00457407
476,3.996671982
477,4.003723594
478,4.013161584
479,4.014265734
480,3.987787951
481,3.931545703
482,3.869286802
483,3.81451086
484,3.779939948
485,3.761666503
486,3.738748526
487,3.70137984
488,3.663424085
489,3.626172751
490,3.590621749
491,3.562379113
492,3.533306471
493,3.505047662
494,3.499403508
495,3.519870876
496,3.552694714
497,3.583947399
498,3.605340521
499,3.611862852
500,3.615667283
501,3.618919393
502,3.622810625
503,3.632492257
504,3.645516594
505,3.660295099
506,3.688171645
507,3.723954688
508,3.757413411
509,3.792769616
510,3.83025856
511,3.87412224
512,3.923784697
513,3.969886253
514,4.007050975
515,4.01682008
516,4.003139882
517,3.991576089
518,3.981884374
519,3.964818518
520,3.945783309
521,3.921041262
522,3.887805358
523,3.844228193
524,3.803905669
525,3.785956837
526,3.763553947
527,3.738899508
528,3.738241769
529,3.756692547
530,3.788281758
531,3.832375809
532,3.857090519
533,3.865696052
534,3.875702774
535,3.897019153
536,3.925764046
537,3.982810221
538,4.083694362
539,4.200015432
540,4.288828522
541,4.340590648
542,4.372636287
543,4.38771377
544,4.392993967
545,4.387615679
546,4.37717903
547,4.369439939
548,4.363307763
549,4.360681769
550,4.364639933
551,4.361172161
552,4.34255512
553,4.317978756
554,4.288448322
555,4.250836144
556,4.204106379
557,4.154446136
558,4.114957014
559,4.082011122
560,4.042165217
561,3.990266962
562,3.929112988
563,3.879689167
564,3.843399097
565,3.804376904
566,3.773561668
567,3.763284629
568,3.756243177
569,3.74389773
570,3.716960336
571,3.65986656
572,3.571757492
573,3.475919736
574,3.394069715
575,3.335098967
576,3.307164293
577,3.306459459
578,3.332665729
579,3.393016239
580,3.498205335
581,3.645583726
582,3.806107619
583,3.940782199
584,4.025750771
585,4.070007165
586,4.091056757
587,4.085373774
588,4.058419324
589,4.015054652
590,3.964760827
591,3.915193567
592,3.869675222
593,3.8361739
594,3.818315788
595,3.806232682
596,3.804707821
597,3.822364276
598,3.844876928
599,3.857419287
600,3.857896847
601,3.847091849
602,3.812990056
603,3.758624083
604,3.701715008
605,3.656780357
606,3.619310394
607,3.575683089
608,3.517758373
609,3.454528671
610,3.401359939
611,3.371193217
612,3.370874768
613,3.394913473
614,3.431070901
615,3.484321296
616,3.56177216
617,3.646281448
618,3.725577718
619,3.801528621
620,3.881405792
621,3.971251702
622,4.075966898
623,4.201957393
624,4.342662001
625,4.481221015
626,4.604568273
627,4.711940379
628,4.801394717
629,4.860592773
630,4.880731749
631,4.861747829
632,4.828241696
633,4.789983653
634,4.764130168
635,4.755137566
636,4.743769993
637,4.72599489
638,4.709518416
639,4.690077752
640,4.670502783
641,4.65170728
642,4.632845553
643,4.612296015
644,4.582196072
645,4.54638098
646,4.51675834
647,4.499105819
648,4.490696738
649,4.489411749
650,4.492863901
651,4.495688757
652,4.493973664
653,4.485398762
654,4.46325158
655,4.429158943
656,4.399524135
657,4.385875175
658,4.383939265
659,4.382470462
660,4.376817461
661,4.364126864
662,4.344733369
663,4.331497423
664,4.325595069
665,4.32144847
666,4.314294848
667,4.30559033
668,4.2979991
669,4.284605941
670,4.264292772
671,4.239564403
672,4.21162771
673,4.180100187
674,4.14612347
675,4.113029309
676,4.081799092
677,4.049646532
678,4.01572003
679,3.778856495
680,3.756176652
681,3.753635011
682,3.748649897
683,3.741009554
684,3.729239015
685,3.710695446
686,3.68417394
687,3.651061377
688,3.615131243
689,3.581645678
690,3.555271622
691,3.535257418
692,3.522567394
693,3.515758335
694,3.515554958
695,3.522799638
696,3.538055145
697,3.561199396
698,3.586691947
699,3.605937791
700,3.61273148
701,3.608504411
702,3.604233027
703,3.60953526
704,3.622558108
705,3.643955071
706,3.665546331
707,3.683497462
708,3.699624197
709,3.719929661
710,3.745311093
711,3.772760285
712,3.803373537
713,3.835656403
714,3.872105824
715,3.92050281
716,3.982793765
717,4.047097007
718,4.095174678
719,4.126170886
720,4.138792727
721,4.143798499
722,4.408296341
723,4.351332034
724,4.291818081
725,4.230955968
726,4.165150909
727,4.101892054
728,4.046590362
729,3.995882387
730,3.952430976
731,3.932693522
732,3.929559443
733,3.934762957
734,3.945493192
735,3.971723295
736,4.003944038
737,4.036863616
738,4.069117229
739,4.080023517
740,4.078989477
741,4.09199356
742,4.138568985
743,4.22634089
744,4.333792591
745,4.410969254
746,4.429781149
747,4.404580055
748,4.363966716
749,4.334095463
750,4.313656015
751,4.297049032
752,4.282953513
753,4.247835877
754,4.194613004
755,4.135022254
756,4.080666557
757,4.034190428
758,3.989569349
759,3.943145548
760,3.909026418
761,3.890682776
762,3.882489766
763,3.875162459
764,3.872078385
765,3.880507528
766,3.871420187
767,3.82425687
768,3.755373689
769,3.687609979
770,3.633204744
771,3.586238464
772,3.543747513
773,3.499334724
774,3.454553683
775,3.433663881
776,3.428277723
777,3.413718696
778,3.397204196
779,3.381786925
780,3.375575939
781,3.383813136
782,3.400229469
783,3.435989748
784,3.501524157
785,3.593218623
786,3.704494456
787,3.820152439
788,3.926885904
789,4.03370013
790,4.160512123
791,4.300660279
792,4.414297331
793,4.474100592
794,4.496624397
795,4.499260753
796,4.486226867
797,4.455779427
798,4.414578749
799,4.383572631
800,4.363938002
801,4.347220448
802,4.320782447
803,4.286414367
804,4.249539911
805,4.20522836
806,4.160185706
807,4.125982349
808,4.087021376
809,4.033222469
810,3.97727505
811,3.930773086
812,3.883814
813,3.82610822
814,3.763707725
815,3.718199814
816,3.682926285
817,3.651739052
818,3.625035218
819,3.618389012
820,3.647472686
821,3.699385082
822,3.77258936
823,3.845577291
824,3.877242798
825,3.865471857
826,3.835837327
827,3.807251589
828,3.784526296
829,3.763485515
830,3.736941453
831,3.714990372
832,3.702390824
833,3.706465535
834,3.728547016
835,3.748303281
836,3.736925961
837,3.70801135
838,3.687316195
839,3.669847822
840,3.639490669
841,3.597563971
842,3.561678634
843,3.537510525
844,3.508313478
845,3.464962499
846,3.422295968
847,3.403008747
848,3.422340459
849,3.47357181
850,3.519427324
851,3.546972191
852,3.541984684
853,3.512719765
854,3.478152368
855,3.442665963
856,3.406082715
857,3.36907565
858,3.337109005
859,3.320031523
860,3.323129065
861,3.341989885
862,3.37102489
863,3.412936944
864,3.476964185
865,3.570276265
866,3.698010465
867,3.854917751
868,4.012061711
869,4.148656218
870,4.264152641
871,4.365320154
872,4.452161415
873,4.518203363
874,4.55962459
875,4.57798801
876,4.565551642
877,4.541436482
878,4.513423528
879,4.478073928
880,4.440682323
881,4.40956496
882,4.387388504
883,4.371417016
884,4.357046823
885,4.340423164
886,4.325128757
887,4.319202149
888,4.318808407
889,4.316701388
890,4.302974441
891,4.284697368
892,4.261141004
893,4.23342086
894,4.198630908
895,4.155400993
896,4.110873617
897,4.070911844
898,4.029391761
899,3.983559255
900,3.94587893
901,3.924142876
902,3.912893658
903,3.907748656
904,3.905790554
905,3.913209225
906,3.922565371
907,3.92135867
908,3.908461181
909,3.893596122
910,3.883297457
911,3.881909038
912,3.88677186
913,3.903008099
914,3.93040571
915,3.981453662
916,4.059544712
917,4.156483868
918,4.252607256
919,4.331613553
920,4.374734867
921,4.382815375
922,4.346341141
923,4.28416488
924,4.220997578
925,4.159584405
926,4.11075708
927,4.075404932
928,4.031155067
929,3.986065227
930,3.94269891
931,3.893083129
932,3.842681089
933,3.806015784
934,3.773897292
935,3.739472363
936,3.694548771
937,3.644946334
938,3.615309544
939,3.598894545
940,3.581482942
941,3.555604975
942,3.516750779
943,3.468565988
944,3.421175296
945,3.381057888
946,3.348792796
947,3.322145714
948,3.294886932
949,3.26557826
950,3.246998325
951,3.239317672
952,3.224814561
953,3.205017152
954,3.192154257
955,3.194096576
956,3.195407751
957,3.19384523
958,3.203022094
959,3.259872352
960,3.395738019
961,3.59416128
962,3.792424019
963,3.957650478
964,4.08629973
965,4.174951354
966,4.230362731
967,4.257445973
968,4.254710991
969,4.222835249
970,4.172794716
971,4.11789015
972,4.050305203
973,3.976641432
974,3.902957404
975,3.836417059
976,3.789790698
977,3.755666904
978,3.72519244
979,3.696051406
980,3.666122527
981,3.637344364
982,3.618331023
983,3.615959602
984,3.644019195
985,3.709782303
986,3.802777676
987,3.880349116
988,3.927675866
989,3.96268291
990,3.997586261
991,4.014074097
992,4.001687223
993,3.967935974
994,3.926327212
995,3.884852187
996,3.84347184
997,3.810410753
998,3.780775094
999,3.753768937
1000,3.72116303
1001,3.68333037
1002,3.656926457
1003,3.649384163
1004,3.659554675
1005,3.680684303
1006,3.7198016
1007,3.811787068
1008,3.946894391
1009,4.05731056
1010,4.106499113
1011,4.109729186
1012,4.081998364
1013,4.039402555
1014,4.004662452
1015,3.971691537
1016,3.936215502
1017,3.89856046
1018,3.865912132
1019,3.820654152
1020,3.768051725
1021,3.726283786
1022,3.696983031
1023,3.684386941
1024,3.701429357
1025,3.699359628
1026,3.664689755
1027,3.615442645
1028,3.560346448
1029,3.510879854
1030,3.486689024
1031,3.501805882
1032,3.538235243
1033,3.568976781
1034,3.595765761
1035,3.627710324
1036,3.675112426
1037,3.743872949
1038,3.841241622
1039,3.959642857
1040,4.069694471
1041,4.142157583
1042,4.18478111
1043,4.21858433
1044,4.236806035
1045,4.233878157
1046,4.223086675
1047,4.219476598
1048,4.217414801
1049,4.204794209
1050,4.184678802
1051,4.16471985
1052,4.139789518
1053,4.10529757
1054,4.071985544
1055,4.046143075
1056,4.025727726
1057,4.008669465
1058,3.986786266
1059,3.946387935
1060,3.88743868
1061,3.820052502
1062,3.754409534
1063,3.697745024
1064,3.645775703
1065,3.590192543
1066,3.527469427
1067,3.458973711
1068,3.388927382
1069,3.326615696
1070,3.280463038
1071,3.249039266
1072,3.226960483
1073,3.204693713
1074,3.17654334
1075,3.150730213
1076,3.138907121
1077,3.14717823
1078,3.167061058
1079,3.198600906
1080,3.248564095
1081,3.306943267
1082,3.361213949
1083,3.406755344
1084,3.447119039
1085,3.486921614
1086,3.518905228
1087,3.531828981
1088,3.542997784
1089,3.557142007
1090,3.566715891
1091,3.581023697
1092,3.596852314
1093,3.615595664
1094,3.641534775
1095,3.678026778
1096,3.714698195
1097,3.736842756
1098,3.755808176
1099,3.780796504
1100,3.802681252
1101,3.831359917
1102,3.857856967
1103,3.887837409
1104,3.918493839
1105,3.940028482
1106,3.951396307
1107,3.950958019
1108,3.943976148
1109,3.934401428
1110,3.920149525
1111,3.894782017
1112,3.844657979
1113,3.77728309
1114,3.722267405
1115,3.684595237
1116,3.660881087
1117,3.64209605
1118,3.629442071
1119,3.632225421
1120,3.65047499
1121,3.680708691
1122,3.722201473
1123,3.764441713
1124,3.803280683
1125,3.838788702
1126,3.880134493
1127,3.928014928
1128,3.981991129
1129,4.037304188
1130,4.086343684
1131,4.125883161
1132,4.161571321
1133,4.200469602
1134,4.235850334
1135,4.254901153
1136,4.246946108
1137,4.214461369
1138,4.187482703
1139,4.149698165
1140,4.093308591
1141,4.031051675
1142,3.966063214
1143,3.900821339
1144,3.842513559
1145,3.803416698
1146,3.794209177
1147,3.806223901
1148,3.810790758
1149,3.791483999
1150,3.76070333
1151,3.730898708
1152,3.70722432
1153,3.702667915
1154,3.694678098
1155,3.657605415
1156,3.610517812
1157,3.572479625
1158,3.546194851
1159,3.520780159
1160,3.492598782
1161,3.468630877
1162,3.453939206
1163,3.442005524
1164,3.430954238
1165,3.417365785
1166,3.408277751
1167,3.406485478
1168,3.400462785
1169,3.397051281
1170,3.395362032
1171,3.386620755
1172,3.386951674
1173,3.405325635
1174,3.431470359
1175,3.451498358
1176,3.469351241
1177,3.484390156
1178,3.485972257
1179,3.477675765
1180,3.476510119
1181,3.489404014
1182,3.499842227
1183,3.506960956
1184,3.520341722
1185,3.530854108
1186,3.533570807
1187,3.53677945
1188,3.539536858
1189,3.544272604
1190,3.548682582
1191,3.551964336
1192,3.559982289
1193,3.591119788
1194,3.656609956
1195,3.764746097
1196,3.891869169
1197,4.003802733
1198,4.0915122
1199,4.151728102
1200,4.203199849
1201,4.255330997
1202,4.306676641
1203,4.340748542
1204,4.35520682
1205,4.350591244
1206,4.330321196
1207,4.305483935
1208,4.28529839
1209,4.270924533
1210,4.261928176
1211,4.258790173
1212,4.233136612
1213,4.184243205
1214,4.12656226
1215,4.070121848
1216,4.013975673
1217,3.959535882
1218,3.912426777
1219,3.881707502
1220,3.873269877
1221,3.884524041
1222,3.904918507
1223,3.916384722
1224,3.91532087
1225,3.904448335
1226,3.887196072
1227,3.861416338
1228,3.816596656
1229,3.742997986
1230,3.651851764
1231,3.571165562
1232,3.505793175
1233,3.448503232
1234,3.389358726
1235,3.327734548
1236,3.274073228
1237,3.23758057
1238,3.219743448
1239,3.211319735
1240,3.207710212
1241,3.20352746
1242,3.195552321
1243,3.187255993
1244,3.176427489
1245,3.168326989
1246,3.176809682
1247,3.221158673
1248,3.30704891
1249,3.435479256
1250,3.59755459
1251,3.781602501
1252,3.954415095
1253,4.087738272
1254,4.17323262
1255,4.23148321
1256,4.271217154
1257,4.286527318
1258,4.261747567
1259,4.219538838
1260,4.169401713
1261,4.108169199
1262,4.051201382
1263,4.013046773
1264,3.994330495
1265,3.977523993
1266,3.951936624
1267,3.915757881
1268,3.878443132
1269,3.831747054
1270,3.7755067
1271,3.721552326
1272,3.673959179
1273,3.63403558
1274,3.592918546
1275,3.55302462
1276,3.52928114
1277,3.519171404
1278,3.510891441
1279,3.501064033
1280,3.494024028
1281,3.49549081
1282,3.509124148
1283,3.53694337
1284,3.584014541
1285,3.651405713
1286,3.72907989
1287,3.802262632
1288,3.871998057
1289,3.945269911
1290,4.023491383
1291,4.092121677
1292,4.12317211
1293,4.112824729
1294,4.079630215
1295,4.049155717
1296,4.03349318
1297,4.014820186
1298,3.991533708
1299,3.961692587
1300,3.92915432
1301,3.897876891
1302,3.867796382
1303,3.835364251
1304,3.801593672
1305,3.780264806
1306,3.765847569
1307,3.743538791
1308,3.705982661
1309,3.661283729
1310,3.615915949
1311,3.570746815
1312,3.538038046
1313,3.516116827
1314,3.494421089
1315,3.470053484
1316,3.446468829
1317,3.429447616
1318,3.423468905
1319,3.435051896
1320,3.469770619
1321,3.510496328
1322,3.555063924
1323,3.604557189
1324,3.65144989
1325,3.690800105
1326,3.734773217
1327,3.786697575
1328,3.840162757
1329,3.884006628
1330,3.909931246
1331,3.929109286
1332,3.945588662
1333,3.959984552
1334,3.969780732
1335,3.974030013
1336,3.978447939
1337,3.986309293
1338,4.001124983
1339,4.014995473
1340,4.027908288
1341,4.03451332
1342,4.032445499
1343,4.019727197
1344,3.992498483
1345,3.947918137
1346,3.890839359
1347,3.818542064
1348,3.745750281
1349,3.679766796
1350,3.613535407
1351,3.541607448
1352,3.465794142
1353,3.394269788
1354,3.335135963
1355,3.284033404
1356,3.250387088
1357,3.230243884
1358,3.218384806
1359,3.212449785
1360,3.211094692
1361,3.213751903
1362,3.224875853
1363,3.245690997
1364,3.277881346
1365,3.325818945
1366,3.386561707
1367,3.454986934
1368,3.53229158
1369,3.614648756
1370,3.681976041
1371,3.721375731
1372,3.749881932
1373,3.778923176
1374,3.812594171
1375,3.847839325
1376,3.895674712
1377,3.933453404
1378,3.963813928
1379,3.98249721
1380,3.987590055
1381,4.000695743
1382,4.029332813
1383,4.060819741
1384,4.07873099
1385,4.072339119
1386,4.036074272
1387,3.762431294
1388,3.722405144
1389,3.691972756
1390,3.672518747
1391,3.658288296
1392,3.645944073
1393,3.626918008
1394,3.597759821
1395,3.567615686
1396,3.543217102
1397,3.520569758
1398,3.496704411
1399,3.478146385
1400,3.462266531
1401,3.450793572
1402,3.443245279
1403,3.434952247
1404,3.431012727
1405,3.432722503
1406,3.441610844
1407,3.458263478
1408,3.483778912
1409,3.525479339
1410,3.570693165
1411,3.614471217
1412,3.656522484
1413,3.700617027
1414,3.746771526
1415,3.785124168
1416,3.813161263
1417,3.833506957
1418,3.846067525
1419,3.851628734
1420,3.846021191
1421,3.824259519
1422,3.796738506
1423,3.776921902
1424,3.767979424
1425,3.76488704
1426,3.82204216
1427,3.859900041
1428,3.8089727
1429,3.7616914
1430,3.717747828
1431,3.668562409
1432,3.613467215
1433,3.548910847
1434,3.479565992
1435,3.41801676
1436,3.366841808
1437,3.324520244
1438,3.29293793
1439,3.271912836
1440,3.257640452
1441,3.246099845
1442,3.23690589
1443,3.231187862
1444,3.226175837
1445,3.22432758
1446,3.221607824
1447,3.217044306
1448,3.212921698
1449,3.210822226
1450,3.209957412
1451,3.210125281
1452,3.209280754
1453,3.20821306
1454,3.204524773
1455,3.199622259
1456,3.197908793
1457,3.204433336
1458,3.234570957
1459,3.301542536
1460,3.402556878
1461,3.530815765
1462,3.676399843
1463,3.82660572
1464,3.961803222
1465,4.059921901
1466,4.128664485
1467,4.170454164
1468,4.181933022
1469,4.171494301
1470,4.150655883
1471,4.122332463
1472,4.082031558
1473,4.025989039
1474,3.956779329
1475,3.883737203
1476,3.812476726
1477,3.741728515
1478,3.675184547
1479,3.616941989
1480,3.563988279
1481,3.514084451
1482,3.468002176
1483,3.429297621
1484,3.395924728
1485,3.36583222
1486,3.340014286
1487,3.318636555
1488,3.303995157
1489,3.299679613
1490,3.30584464
1491,3.311081835
1492,3.306638316
1493,3.296921336
1494,3.287249812
1495,3.2766651
1496,3.270377247
1497,3.268781318
1498,3.268340508
1499,3.278116226
1500,3.325528446
1501,3.42548695
1502,3.563820022
1503,3.718197068
1504,3.868225725
1505,3.996988718
1506,4.095480588
1507,4.159945124
1508,4.194279752
1509,4.206621214
1510,4.202311898
1511,4.18905039
1512,4.169011186
1513,4.147927623
1514,4.12594546
1515,4.09849985
1516,4.057447084
1517,4.003037058
1518,3.943935554
1519,3.88502784
1520,3.826694661
1521,3.76729724
1522,3.715150867
1523,3.677749526
1524,3.651367711
1525,3.631355043
1526,3.616991361
1527,3.606508999
1528,3.601723162
1529,3.603620441
1530,3.607176948
1531,3.612559123
1532,3.626632603
1533,3.651554544
1534,3.691492844
1535,3.747144123
1536,3.815240648
1537,3.884722182
1538,3.952063377
1539,4.02491673
1540,4.103225798
1541,4.177151232
1542,4.23433135
1543,4.267226559
1544,4.284141155
1545,4.292148636
1546,4.295597747
1547,4.29725082
1548,4.29117534
1549,4.269751981
1550,4.232486659
1551,4.183354993
1552,4.126195222
1553,4.065326629
1554,4.008385704
1555,3.960636853
1556,3.918495645
1557,3.880340724
1558,3.84627719
1559,3.81792437
1560,3.796758497
1561,3.779708735
1562,3.762463384
1563,3.746930517
1564,3.735645562
1565,3.725215402
1566,3.713544924
1567,3.701434131
1568,3.690531909
1569,3.679653137
1570,3.667304251
1571,3.651435056
1572,3.634198634
1573,3.616383767
1574,3.599514298
1575,3.584993615
1576,3.572554021
1577,3.567553648
1578,3.571591142
1579,3.585440691
1580,3.608416479
1581,3.639907472
1582,3.680779127
1583,3.735388571
1584,3.80405048
1585,3.879803846
1586,3.953549093
1587,4.019051795
1588,4.072102336
1589,4.109507582
1590,4.126553417
1591,4.117529728
1592,4.091158236
1593,4.054780003
1594,4.013164994
1595,3.96896808
1596,3.9244943
1597,3.886708698
1598,3.85182502
1599,3.819132144
1600,3.791446406
1601,3.770065629
1602,3.753646147
1603,3.739346731
1604,3.733142858
1605,3.730159547
1606,3.728260673
1607,3.725325994
1608,3.717778262
1609,3.706108293
1610,3.692857192
1611,3.677959192
1612,3.660511238
1613,3.640593328
1614,3.618300238
1615,3.593230601
1616,3.565873987
1617,3.539539803
1618,3.509812006
1619,3.480632462
1620,3.454409877
1621,3.433483383
1622,3.420072875
1623,3.413760757
1624,3.41597695
1625,3.427079743
1626,3.446020278
1627,3.470919781
1628,3.49905315
1629,3.528893756
1630,3.558795665
1631,3.583997572
1632,3.605921967
1633,3.626531368
1634,3.646673348
1635,3.664420129
1636,3.677219501
1637,3.690524033
1638,3.700949587
1639,3.706739407
1640,3.706701094
1641,3.699461891
1642,3.687082227
1643,3.673662215
1644,3.661286866
1645,3.649345042
1646,3.64297884
1647,3.644357979
1648,3.652305732
1649,3.661140606
1650,3.665756981
1651,3.658991313
1652,3.638621158
1653,3.610486629
1654,3.57749946
1655,3.543203183
1656,3.513883334
1657,3.493555181
1658,3.485466031
1659,3.489461511
1660,3.503571928
1661,3.526022981
1662,3.555376764
1663,3.596369597
1664,3.650564519
1665,3.713066639
1666,3.780513733
1667,3.84924435
1668,3.918528397
1669,3.979502958
1670,4.03027573
1671,4.075255094
1672,4.110596432
1673,4.135401555
1674,4.145359849
1675,4.143323924
1676,4.133503857
1677,4.1192208
1678,4.103433593
1679,4.087897862
1680,4.075230888
1681,4.066886647
1682,4.057531128
1683,4.043841881
1684,4.023325226
1685,3.994845714
1686,3.957250563
1687,3.908485278
1688,3.855070989
1689,3.80489421
1690,3.75555249
1691,3.709578585
1692,3.670780684
1693,3.640286118
1694,3.616819002
1695,3.595041734
1696,3.575668878
1697,3.560822812
1698,3.549614826
1699,3.542077348
1700,3.537423427
1701,3.53477522
1702,3.536760001
1703,3.54456139
1704,3.555344042
1705,3.570861176
1706,3.589761977
1707,3.609582706
1708,3.629836151
1709,3.652796368
1710,3.673652906
1711,3.692415821
1712,3.711154149
1713,3.738945838
1714,3.779204754
1715,3.833954935
1716,3.901771965
1717,3.96870965
1718,4.013605409
1719,4.034226543
1720,4.036217333
1721,4.023694872
1722,3.998766538
1723,3.962765355
1724,3.921499081
1725,3.876115481
1726,3.833441696
1727,3.794940906
1728,3.756981916
1729,3.718234809
1730,3.675532642
1731,3.631848788
1732,3.596436952
1733,3.567409105
1734,3.548727884
1735,3.544940923
1736,3.557200192
1737,3.582219506
1738,3.615857514
1739,3.655442346
1740,3.693078028
1741,3.721511853
1742,3.737451749
1743,3.741400258
1744,3.736096957
1745,3.725482108
1746,3.708134729
1747,3.685431163
1748,3.662491078
1749,3.641994422
1750,3.625896378
1751,3.6139809
1752,3.607867453
1753,3.611092807
1754,3.62631947
1755,3.653862603
1756,3.691507607
1757,3.73266966
1758,3.77252228
1759,3.809656833
1760,3.842467558
1761,3.869415737
1762,3.886968779
1763,3.89433222
1764,3.892000337
1765,3.8804944
1766,3.860265533
1767,3.834553747
1768,3.808912515
1769,3.784545646
1770,3.759707359
1771,3.734586492
1772,3.710352104
1773,3.686695518
1774,3.661069947
1775,3.63527854
1776,3.60850002
1777,3.579611557
1778,3.550488898
1779,3.521360783
1780,3.491920747
1781,3.464541076
1782,3.442447135
1783,3.423568807
1784,3.409291832
1785,3.403020346
1786,3.404503576
1787,3.412347384
1788,3.422324137
1789,3.432804481
1790,3.445764666
1791,3.461028644
1792,3.47726916
1793,3.493914113
1794,3.511537367
1795,3.530214835
1796,3.547892075
1797,3.56701727
1798,3.589612737
1799,3.612556419
1800,3.636925204
1801,3.663156562
1802,3.68960646
1803,3.716576589
1804,3.743976709
1805,3.7747523
1806,3.809890884
1807,3.848190481
1808,3.888445528
1809,3.928765545
1810,3.964544343
1811,3.990446518
1812,4.004577641
1813,4.003619359
1814,3.985365858
1815,3.949712235
1816,3.906755171
1817,3.86779897
1818,3.829764511
1819,3.788037575
1820,3.745538558
1821,3.703189875
1822,3.659218019
1823,3.616357409
1824,3.577365573
1825,3.544210127
1826,3.516329801
1827,3.494427465
1828,3.480355714
1829,3.473458806
1830,3.471906943
1831,3.472623639
1832,3.473342602
1833,3.474768179
1834,3.476834498
1835,3.478418496
1836,3.482934805
1837,3.490936891
1838,3.499274672
1839,3.506061323
1840,3.507138052
1841,3.504231966
1842,3.501954278
1843,3.500744361
1844,3.502671068
1845,3.510818533
1846,3.521223859
1847,3.53527269
1848,3.556864271
1849,3.582244054
1850,3.60611186
1851,3.623607442
1852,3.63548264
1853,3.641687679
1854,3.641991876
1855,3.634052296
1856,3.620619994
1857,3.606564295
1858,3.595165226
1859,3.583571988
1860,3.571898303
1861,3.563242738
1862,3.559589586
1863,3.558039469
1864,3.555570789
1865,3.556459676
1866,3.562008191
1867,3.57588412
1868,3.593814375
1869,3.615456021
1870,3.642982269
1871,3.677833796
1872,3.715336357
1873,3.751781513
1874,3.78146889
1875,3.803041091
1876,3.816526337
1877,3.820403308
1878,3.812526537
1879,3.79264065
1880,3.767372918
1881,3.742004718
1882,3.719011573
1883,3.699069567
1884,3.682174404
1885,3.669412891
1886,3.660249212
1887,3.652331389
1888,3.641525698
1889,3.63020146
1890,3.615353065
1891,3.59831049
1892,3.581736099
1893,3.56715935
1894,3.553518584
1895,3.541221117
1896,3.530211738
1897,3.519829875
1898,3.509015747
1899,3.496621186
1900,3.483593545
1901,3.470901024
1902,3.459462153
1903,3.448705032
1904,3.439839493
1905,3.43674514
1906,3.436766858
1907,3.440461689
1908,3.449043635
1909,3.464363742
1910,3.487535804
1911,3.51871179
1912,3.561769163
1913,3.609722409
1914,3.659299583
1915,3.713243129
1916,3.777194738
1917,3.85619509
1918,3.93463329
1919,3.99986198
1920,4.039981477
1921,4.053691468
1922,4.041886764
1923,4.016742353
1924,3.983776862
1925,3.948211866
1926,3.916686189
1927,3.889397348
1928,3.863356378
1929,3.838221131
1930,3.813105381
1931,3.785101507
1932,3.755991584
1933,3.730661567
1934,3.707166833
1935,3.688175495
1936,3.670858252
1937,3.647687966
1938,3.623420661
1939,3.603080012
1940,3.581771832
1941,3.560218807
1942,3.541990981
1943,3.526806191
1944,3.512636076
1945,3.498088974
1946,3.480242598
1947,3.459981846
1948,3.44089844
1949,3.422058677
1950,3.402638529
1951,3.384471503
1952,3.367856145
1953,3.352138654
1954,3.338440326
1955,3.328870269
1956,3.329262566
1957,3.343495096
1958,3.374528488
1959,3.427395676
1960,3.505267239
1961,3.597109849
1962,3.686237245
1963,3.76184533
1964,3.819850151
1965,3.860251225
1966,3.883604543
1967,3.892602575
1968,3.891803817
1969,3.883574669
1970,3.868226687
1971,3.848159066
1972,3.827224341
1973,3.808007679
1974,3.787861705
1975,3.765819932
1976,3.745201266
1977,3.727348666
1978,3.709016002
1979,3.691275413
1980,3.674272505
1981,3.657544305
1982,3.644289844
1983,3.632984612
1984,3.620757462
1985,3.605530867
1986,3.585905681
1987,3.561251187
1988,3.533132103
1989,3.501168469
1990,3.46686823
1991,3.433030505
1992,3.401932853
1993,3.370577021
1994,3.340312954
1995,3.310804177
1996,3.288668631
1997,3.276823617
1998,3.285526378
1999,3.309098771
2000,3.333880628
2001,3.353977001
2002,3.372667472
2003,3.393356042
2004,3.417957362
2005,3.452377587
2006,3.502749843
2007,3.568634343
2008,3.638179364
2009,3.698759067
2010,3.753065849
2011,3.795509933
2012,3.818173622
2013,3.819008556
2014,3.80699038
2015,3.792467926
2016,3.775298704
2017,3.750867428
2018,3.726083154
2019,3.703083988
2020,3.679116936
2021,3.655529926
2022,3.632332085
2023,3.609083449
2024,3.590341863
2025,3.575239288
2026,3.562854184
2027,3.547879004
2028,3.527034176
2029,3.493726418
2030,3.450306353
2031,3.406284719
2032,3.363804061
2033,3.330529932
2034,3.304918616
2035,3.28413145
2036,3.26981962
2037,3.262450949
2038,3.266337066
2039,3.277216146
2040,3.292614802
2041,3.311162281
2042,3.339070046
2043,3.378361495
2044,3.422097287
2045,3.466419482
2046,3.509634036
2047,3.550455413
2048,3.586375972
2049,3.617009072
2050,3.645095043
2051,3.668686544
2052,3.686726706
2053,3.699034296
2054,3.703973242
2055,3.70126683
2056,3.694685218
2057,3.681066114
2058,3.663227417
2059,3.641794006
2060,3.615580186
2061,3.585618857
2062,3.561221406
2063,3.544859022
2064,3.534461031
2065,3.530348841
2066,3.531662133
2067,3.538133815
2068,3.552677755
2069,3.577517659
2070,3.609200013
2071,3.64731273
2072,3.685011282
2073,3.722157079
2074,3.759032864
2075,3.798663826
2076,3.845184988
2077,3.899566972
2078,3.957157507
2079,4.010983169
2080,4.058081587
2081,4.095714983
2082,4.127543585
2083,4.148632682
2084,4.155473451
2085,4.148080447
2086,4.129385331
2087,4.103784186
2088,4.07571374
2089,4.044230869
2090,4.015743764
2091,3.990158453
2092,3.970945568
2093,3.95916562
2094,3.950257616
2095,3.938523273
2096,3.921684134
2097,3.899995292
2098,3.872181891
2099,3.840472293
2100,3.808885656
2101,3.776569611
2102,3.747308991
2103,3.719656791
2104,3.69362997
2105,3.668489273
2106,3.646078265
2107,3.62578835
2108,3.611170158
2109,3.597325752
2110,3.582934054
2111,3.568641227
2112,3.555988675
2113,3.549450101
2114,3.546357335
2115,3.546492754
2116,3.548795708
2117,3.54993289
2118,3.547571491
2119,3.544078812
2120,3.541715241
2121,3.538757713
2122,3.533113104
2123,3.526349701
2124,3.515662454
2125,3.510198882
2126,3.521664582
2127,3.545512162
2128,3.580934107
2129,3.61872806
2130,3.658666265
2131,3.672497701
2132,3.66137179
2133,3.621157629
2134,3.548853621
2135,3.465632527
2136,3.384621979
2137,3.319077288
2138,3.285956256
2139,3.263796806
2140,3.249561816
2141,3.242696134
2142,3.244915799
2143,3.258231709
2144,3.281151189
2145,3.316595167
2146,3.362445331
2147,3.419293559
2148,3.490871276
2149,3.581556478
2150,3.686635385
2151,3.794691532
2152,3.896115016
2153,3.985574527
2154,4.057037701
2155,4.109104845
2156,4.144959587
2157,4.162646615
2158,4.160245963
2159,4.140482554
2160,4.11034822
2161,4.0786746
2162,4.045349174
2163,4.014217168
2164,3.985339078
2165,3.952191724
2166,3.913534783
2167,3.870597807
2168,3.826714343
2169,3.786477051
2170,3.753965165
2171,3.72969202
2172,3.707731069
2173,3.689032933
2174,3.670389154
2175,3.642610002
2176,3.603219965
2177,3.559912958
2178,3.516311608
2179,3.47383571
2180,3.433388318
2181,3.399019409
2182,3.373273427
2183,3.356270287
2184,3.349667549
2185,3.351707196
2186,3.360140431
2187,3.375067779
2188,3.397381929
2189,3.425921766
2190,3.45556801
2191,3.486274
2192,3.517018602
2193,3.546817136
2194,3.579890485
2195,3.615481454
2196,3.647318415
2197,3.671500842
2198,3.693440428
2199,3.717857388
2200,3.738884624
2201,3.75517309
2202,3.767990368
2203,3.772992247
2204,3.771245532
2205,3.763391175
2206,3.744492466
2207,3.713253164
2208,3.67517006
2209,3.63554125
2210,3.597479898
2211,3.563349706
2212,3.534294168
2213,3.516812955
2214,3.505701001
2215,3.498009098
2216,3.490641184
2217,3.482843646
2218,3.47453672
2219,3.464830966
2220,3.452867386
2221,3.43821971
2222,3.420952615
2223,3.401842271
2224,3.381606298
2225,3.36497971
2226,3.353709817
2227,3.34684706
2228,3.343510653
2229,3.34237516
2230,3.342445324
2231,3.343772709
2232,3.34663109
2233,3.352095903
2234,3.363020982
2235,3.378711751
2236,3.400336886
2237,3.435945001
2238,3.486489342
2239,3.550170059
2240,3.617548259
2241,3.682860676
2242,3.740018866
2243,3.785786086
2244,3.816277196
2245,3.832850421
2246,3.835680779
2247,3.828139421
2248,3.815807723
2249,3.796824777
2250,3.770776773
2251,3.738752188
2252,3.701404499
2253,3.659042157
2254,3.611829485
2255,3.55259972
2256,3.48508515
2257,3.41246794
2258,3.34877313
2259,3.298784627
2260,3.258013382
2261,3.227578448
2262,3.207279942
2263,3.194974447
2264,3.190674636
2265,3.197193294
2266,3.211518628
2267,3.232346039
2268,3.258695335
2269,3.284575909
2270,3.311911849
2271,3.339489439
2272,3.369209439
2273,3.409742102
2274,3.464545415
2275,3.525289644
2276,3.58483165
2277,3.642535842
2278,3.699514002
2279,3.752916398
2280,3.795739287
2281,3.828448505
2282,3.85118998
2283,3.864231003
2284,3.866591924
2285,3.866494312
2286,3.866101077
2287,3.861748262
2288,3.857513949
2289,3.846260764
2290,3.819951014
2291,3.782987255
2292,3.739885798
2293,3.692924904
2294,3.642198011
2295,3.588927187
2296,3.535431345
2297,3.482606652
2298,3.435256714
2299,3.398238417
2300,3.367584573
2301,3.339842794
2302,3.318975633
2303,3.30341183
2304,3.296596324
2305,3.296823707
2306,3.301054515
2307,3.308001432
2308,3.322027391
2309,3.341039383
2310,3.366221275
2311,3.397654819
2312,3.437606916
2313,3.482510615
2314,3.520448897
2315,3.555665171
2316,3.584731349
2317,3.605004962
2318,3.619617756
2319,3.630246346
2320,3.637543039
2321,3.641739438
2322,3.640164984
2323,3.63303355
2324,3.624161966
2325,3.611684781
2326,3.598006808
2327,3.589702447
2328,3.581223538
2329,3.577102591
2330,3.574785555
2331,3.569021
2332,3.557409205
2333,3.538898715
2334,3.509316345
2335,3.468100676
2336,3.417963971
2337,3.369840986
2338,3.32613779
2339,3.287070494
2340,3.256219358
2341,3.232998457
2342,3.218143383
2343,3.208459092
2344,3.204379692
2345,3.207100037
2346,3.220796718
2347,3.251115355
2348,3.300570849
2349,3.364209326
2350,3.433839045
2351,3.502858176
2352,3.566264033
2353,3.621880709
2354,3.668046337
2355,3.703367525
2356,3.734910302
2357,3.759438435
2358,3.77410217
2359,3.778831934
2360,3.772279513
2361,3.759892707
2362,3.744922071
2363,3.728903792
2364,3.716634228
2365,3.70839037
2366,3.70284628
2367,3.700072351
2368,3.698920443
2369,3.694715582
2370,3.685569459
2371,3.670201819
2372,3.647915426
2373,3.61986007
2374,3.588426453
2375,3.554824039
2376,3.517664687
2377,3.476124624
2378,3.429959823
2379,3.383664344
2380,3.341468093
2381,3.305664264
2382,3.2796647
2383,3.262357697
2384,3.249761044
2385,3.239271634
2386,3.234608877
2387,3.236736142
2388,3.244408927
2389,3.260966456
2390,3.284773474
2391,3.314901939
2392,3.350645097
2393,3.388081588
2394,3.422217046
2395,3.453267454
2396,3.478919853
2397,3.498188166
2398,3.511864572
2399,3.521144787
2400,3.526836897
2401,3.530575529
2402,3.534036507
2403,3.536566749
2404,3.539142098
2405,3.538250453
2406,3.534711787
2407,3.528010172
2408,3.516306365
2409,3.498710648
2410,3.47593423
2411,3.452429652
2412,3.42605237
2413,3.399380176
2414,3.375055033
2415,3.353079932
2416,3.332251205
2417,3.31252711
2418,3.295175296
2419,3.281370528
2420,3.271667504
2421,3.265292395
2422,3.265426234
2423,3.269197809
2424,3.279746345
2425,3.297295301
2426,3.321646022
2427,3.353469441
2428,3.389259988
2429,3.424634171
2430,3.461178446
2431,3.500757542
2432,3.5491553
2433,3.616996815
2434,3.706808608
2435,3.808569223
2436,3.904916614
2437,3.983735216
2438,4.041629125
2439,4.079252443
2440,4.099172907
2441,4.107906073
2442,4.106305501
2443,4.096178396
2444,4.080475798
2445,4.061288135
2446,4.039677847
2447,4.017081896
2448,3.993822473
2449,3.970310932
2450,3.943248837
2451,3.904486731
2452,3.857273562
2453,3.813389322
2454,3.77495964
2455,3.737908868
2456,3.697226248
2457,3.652229324
2458,3.606018802
2459,3.553196212
2460,3.500306126
2461,3.447794186
2462,3.396319337
2463,3.348285174
2464,3.311469004
2465,3.283642781
2466,3.263699193
2467,3.252665333
2468,3.247509059
2469,3.245563148
2470,3.247052936
2471,3.251678374
2472,3.261813166
2473,3.283286561
2474,3.313319475
2475,3.355251335
2476,3.409997483
2477,3.472141194
2478,3.536459297
2479,3.599328598
2480,3.656586036
2481,3.706959084
2482,3.75356583
2483,3.80069636
2484,3.85005747
2485,3.899884327
2486,3.945900618
2487,3.987285465
2488,4.016627108
2489,4.03053254
2490,4.02440792
2491,3.99448981
2492,3.947781058
2493,3.89251545
2494,3.830243402
2495,3.766929024
2496,3.702379172
2497,3.639470543
2498,3.578737701
2499,3.521254273
2500,3.470607948
2501,3.424000811
2502,3.384080011
2503,3.350999628
2504,3.329314283
2505,3.320164334
2506,3.320724257
2507,3.32859183
2508,3.34375092
2509,3.366674185
2510,3.396971931
2511,3.429582021
2512,3.462824092
2513,3.495392515
2514,3.532249824
2515,3.576714662
2516,3.632332221
2517,3.706589799
2518,3.801787877
2519,3.90481617
2520,3.993924808
2521,4.05923011
2522,4.10070772
2523,4.127334824
2524,4.150311292
2525,4.160965717
2526,4.150993337
2527,4.121449233
2528,4.088232056
2529,4.069758102
2530,4.06486023
2531,4.058443971
2532,4.043529639
2533,4.018898295
2534,3.984750052
2535,3.941154408
2536,3.889422574
2537,3.838102768
2538,3.791360499
2539,3.751765559
2540,3.718221128
2541,3.679154791
2542,3.6243731
2543,3.559190836
2544,3.493084137
2545,3.434836443
2546,3.386793305
2547,3.33794924
2548,3.284919766
2549,3.230204715
2550,3.178415543
2551,3.136283281
2552,3.107064165
2553,3.097049952
2554,3.106346188
2555,3.126151529
2556,3.154436021
2557,3.184059179
2558,3.212625283
2559,3.238930289
2560,3.266055193
2561,3.297276622
2562,3.330799468
2563,3.365581007
2564,3.398179658
2565,3.424430281
2566,3.443285669
2567,3.458416836
2568,3.474551088
2569,3.487001282
2570,3.498323383
2571,3.504227105
2572,3.508034288
2573,3.51287011
2574,3.512475487
2575,3.508029677
2576,3.4987603
2577,3.48402708
2578,3.465933142
2579,3.446666524
2580,3.425664685
2581,3.401350331
2582,3.374825631
2583,3.349386719
2584,3.327034737
2585,3.306965628
2586,3.288336075
2587,3.269409981
2588,3.247961496
2589,3.223720105
2590,3.199627672
2591,3.182263655
2592,3.171650494
2593,3.166739264
2594,3.166728674
2595,3.172143588
2596,3.181408261
2597,3.194476366
2598,3.209252915
2599,3.228079014
2600,3.252889556
2601,3.280016589
2602,3.309761195
2603,3.341137381
2604,3.376128691
2605,3.415988418
2606,3.459136219
2607,3.500992875
2608,3.539644884
2609,3.574809421
2610,3.610377502
2611,3.64621354
2612,3.68090376
2613,3.713153962
2614,3.743209766
2615,3.763516382
2616,3.773445344
2617,3.771909263
2618,3.759620812
2619,3.739314395
2620,3.715377012
2621,3.68850346
2622,3.661079821
2623,3.633026586
2624,3.602751041
2625,3.570474068
2626,3.536716472
2627,3.50325794
2628,3.471956162
2629,3.441968354
2630,3.412958436
2631,3.386353584
2632,3.359520788
2633,3.329457953
2634,3.298238964
2635,3.268410792
2636,3.245477346
2637,3.228168366
2638,3.21683151
2639,3.209676848
2640,3.211181792
2641,3.217473447
2642,3.224916825
2643,3.234570133
2644,3.24650614
2645,3.260755521
2646,3.27760491
2647,3.295391522
2648,3.315336116
2649,3.335298568
2650,3.355280796
2651,3.372302532
2652,3.388569818
2653,3.404721785
2654,3.420685916
2655,3.436422719
2656,3.4541729
2657,3.4729296
2658,3.4954052
2659,3.518759423
2660,3.543276794
2661,3.566042184
2662,3.58788797
2663,3.605772275
2664,3.622969903
2665,3.639172048
2666,3.654887825
2667,3.670330795
2668,3.684262381
2669,3.697633053
2670,3.710111865
2671,3.718398373
2672,3.724696821
2673,3.723587527
2674,3.718910425
2675,3.707999081
2676,3.690079191
2677,3.668890179
2678,3.640304202
2679,3.609442187
2680,3.574198654
2681,3.535722136
2682,3.495637612
2683,3.455539435
2684,3.41169226
2685,3.362725578
2686,3.325389301
2687,3.293206363
2688,3.257629385
2689,3.222322103
2690,3.191099093
2691,3.165073011
2692,3.14660864
2693,3.134718281
2694,3.126484069
2695,3.122607554
2696,3.123197092
2697,3.125482939
2698,3.130592428
2699,3.136296605
2700,3.14301388