Age (ka),d18O (permil),d18O sigma (permil)
0,3.15837,0.111277
1,3.158242,0.109882267
2,3.15434,0.109105329
3,3.149144,0.108535061
4,3.144692,0.108060982
5,3.14258,0.107873259
6,3.146604,0.108691587
7,3.15874,0.11017251
8,3.195703069,0.110328754
9,3.262001851,0.123010423
10,3.36360642,0.174328309
11,3.512320272,0.216953871
12,3.684855997,0.206407377
13,3.855308616,0.177740989
14,4.013001554,0.179975748
15,4.212128652,0.198169959
16,4.457650171,0.183035564
17,4.657993441,0.155520513
18,4.770323615,0.110044158
19,4.79338,0.08812057
20,4.781357837,0.089056241
21,4.763458985,0.090774392
22,4.729404516,0.102775731
23,4.686223833,0.114708652
24,4.645016176,0.125942925
25,4.625995729,0.124595666
26,4.620491551,0.113515144
27,4.606208523,0.111306033
28,4.588232872,0.116288703
29,4.558122768,0.11885495
30,4.516872321,0.115538055
31,4.483206437,0.109403804
32,4.461233894,0.103442394
33,4.437419695,0.097381798
34,4.406362619,0.089866651
35,4.375582787,0.088438323
36,4.336025952,0.105515991
37,4.290569077,0.127283801
38,4.2602,0.139380576
39,4.27097,0.13763474
40,4.31824,0.121417921
41,4.36644,0.097768242
42,4.37837,0.092067769
43,4.36518,0.097281337
44,4.33704,0.100136858
45,4.29703,0.10735169
46,4.24187,0.128330952
47,4.22608,0.139615211
48,4.259676113,0.125970155
49,4.300630695,0.107059502
50,4.316205244,0.098120368
51,4.299855795,0.096229887
52,4.256928645,0.099150085
53,4.20439,0.108747403
54,4.17332022,0.117758563
55,4.186118519,0.116226656
56,4.220244835,0.109371283
57,4.216235864,0.113455718
58,4.166706054,0.127888871
59,4.14026,0.144046374
60,4.199685,0.132090642
61,4.275385,0.132279398
62,4.3430225,0.132187272
63,4.39401,0.113739396
64,4.4168075,0.096923902
65,4.431355,0.092321233
66,4.43643,0.092017704
67,4.40607,0.09351603
68,4.363283969,0.099377478
69,4.314731092,0.107667156
70,4.260604717,0.118178426
71,4.201541248,0.129977375
72,4.138988752,0.139501417
73,4.092778116,0.138505314
74,4.054954079,0.134661
75,4.017561633,0.13070179
76,3.97063,0.128507398
77,3.948875314,0.121160132
78,3.93522088,0.115077269
79,3.9138388,0.109969533
80,3.874988136,0.105560907
81,3.819061864,0.101592018
82,3.753292247,0.101699986
83,3.694192286,0.104985142
84,3.650947991,0.111471102
85,3.63176,0.121275989
86,3.754058571,0.141697098
87,3.929718571,0.162629403
88,4.021312857,0.14893452
89,3.965087446,0.139033716
90,3.873216896,0.141449555
91,3.845253113,0.133134044
92,3.817424132,0.124776853
93,3.793419504,0.119349283
94,3.770044003,0.116137352
95,3.743334041,0.114364882
96,3.71381061,0.113711059
97,3.686669776,0.113782399
98,3.668645627,0.113982711
99,3.658610641,0.114187334
100,3.65850592,0.115212875
101,3.668765657,0.116875582
102,3.685639889,0.118764347
103,3.705837242,0.120542036
104,3.726778652,0.122267339
105,3.746350205,0.124466356
106,3.762203447,0.127526782
107,3.770465137,0.131416703
108,3.778282969,0.137180687
109,3.78948599,0.144017931
110,3.834501058,0.149712475
111,3.9110043,0.150990028
112,3.935530606,0.144699681
113,3.888604902,0.134900427
114,3.822868549,0.131950307
115,3.73887436,0.138055022
116,3.636163797,0.1498893
117,3.531161664,0.16191606
118,3.442110529,0.169092935
119,3.362651809,0.169183527
120,3.270774676,0.155774679
121,3.181052372,0.136795221
122,3.112704816,0.123474688
123,3.067384334,0.120604813
124,3.039205563,0.126147162
125,3.02426744,0.135594371
126,3.03152,0.150814949
127,3.132024928,0.205281031
128,3.307778966,0.275731619
129,3.520260858,0.324284298
130,3.756468823,0.352379529
131,3.950085,0.369713907
132,4.050061903,0.355974016
133,4.193153564,0.348593554
134,4.393934642,0.258395562
135,4.558148526,0.197682454
136,4.67872,0.148642104
137,4.744726,0.102297379
138,4.755098,0.098203318
139,4.705522,0.105080915
140,4.64088,0.109445163
141,4.59475,0.109346742
142,4.549834,0.11296162
143,4.507178,0.122896998
144,4.487538,0.128536133
145,4.487460738,0.127857023
146,4.487183691,0.128043842
147,4.486906644,0.128230662
148,4.486629597,0.128417481
149,4.48635255,0.128604301
150,4.486075502,0.128791121
151,4.486759232,0.128330065
152,4.492683287,0.127334956
153,4.505248438,0.1267391
154,4.521512416,0.126517759
155,4.539845061,0.125217734
156,4.56039161,0.12152444
157,4.589006099,0.116028347
158,4.607601536,0.112261172
159,4.59233,0.112732664
160,4.565719513,0.11678021
161,4.532026707,0.120508485
162,4.49636735,0.121196736
163,4.462237315,0.118481448
164,4.434927978,0.114375271
165,4.415841375,0.111910768
166,4.396235674,0.112174887
167,4.375225365,0.113803034
168,4.360036632,0.11470855
169,4.351658876,0.114437167
170,4.335724556,0.115123912
171,4.29492265,0.119129951
172,4.241485646,0.125181401
173,4.204998541,0.129967151
174,4.192540618,0.131949914
175,4.204460094,0.129155027
176,4.253032657,0.120837102
177,4.292219822,0.110707017
178,4.309963218,0.103537679
179,4.319567191,0.103123949
180,4.320202022,0.110285546
181,4.305823255,0.12211837
182,4.289380169,0.132766295
183,4.294446782,0.136425662
184,4.330043315,0.131508878
185,4.364705239,0.123516775
186,4.355693895,0.12088754
187,4.311846854,0.125903218
188,4.248000486,0.135014196
189,4.168167079,0.14431988
190,4.071387063,0.15215267
191,3.96245348,0.157037121
192,3.867663773,0.157868329
193,3.803023258,0.155933879
194,3.771321553,0.153763297
195,3.739333801,0.150754344
196,3.676276941,0.146293074
197,3.591971161,0.141934678
198,3.510698775,0.139953555
199,3.452236067,0.143292814
200,3.431149195,0.153126648
201,3.444794542,0.166607491
202,3.497535458,0.18084134
203,3.558616038,0.188749818
204,3.602151949,0.190020559
205,3.624666493,0.185007362
206,3.629029866,0.174712639
207,3.616938311,0.160760059
208,3.596752044,0.148054184
209,3.569830055,0.137785647
210,3.534988619,0.13003602
211,3.48974,0.12408859
212,3.446188303,0.118833232
213,3.414469084,0.115214164
214,3.392606204,0.114890686
215,3.381349778,0.119467816
216,3.390387333,0.131809681
217,3.438751778,0.150153363
218,3.527117556,0.17127919
219,3.642324,0.193481006
220,3.778762222,0.214419922
221,3.923482222,0.229556728
222,4.053156,0.234208408
223,4.147786889,0.226887825
224,4.206615333,0.210974345
225,4.248464667,0.192878731
226,4.273326889,0.179016339
227,4.265796222,0.171612857
228,4.230454,0.168862053
229,4.182574,0.168866412
230,4.138982444,0.17069765
231,4.105246,0.174032711
232,4.075292,0.178364457
233,4.040001333,0.182545544
234,3.995787333,0.18503317
235,3.932818444,0.183958258
236,3.845858889,0.176538241
237,3.738621333,0.162594856
238,3.624071111,0.146539074
239,3.519922222,0.136429904
240,3.43644,0.139764148
241,3.378442222,0.160120769
242,3.352657423,0.19602449
243,3.385421047,0.238682929
244,3.497482893,0.265705501
245,3.661865153,0.273333639
246,3.840886755,0.26275489
247,4.011560824,0.235766699
248,4.148272967,0.201805509
249,4.240416258,0.17421674
250,4.312508078,0.156988263
251,4.38189604,0.144749032
252,4.437125962,0.133548846
253,4.465838754,0.123885127
254,4.473624604,0.11681813
255,4.455685856,0.112142219
256,4.41306,0.108304561
257,4.375282135,0.104472388
258,4.357991943,0.102465392
259,4.342420665,0.104368662
260,4.319718985,0.109519585
261,4.308938395,0.115849816
262,4.316399007,0.124116825
263,4.326888795,0.134389454
264,4.342115417,0.142552847
265,4.364655227,0.144044347
266,4.375761068,0.140381782
267,4.375704604,0.135679086
268,4.391602386,0.132352643
269,4.429075349,0.1298722
270,4.457604488,0.125511692
271,4.446248627,0.118016782
272,4.402912262,0.110589413
273,4.361904361,0.110205579
274,4.319376977,0.118607019
275,4.270686779,0.134489507
276,4.245047075,0.153576841
277,4.22665019,0.168030502
278,4.186179229,0.17250159
279,4.155587888,0.172459249
280,4.143329968,0.171416527
281,4.090613939,0.161089546
282,4.043889124,0.152431229
283,4.01340945,0.145840635
284,4.005003717,0.142872411
285,4.012655385,0.144601881
286,4.043045128,0.1479719
287,4.104813333,0.148147274
288,4.170606154,0.14395491
289,4.215596923,0.138580185
290,4.238873333,0.135420214
291,4.239747692,0.135644845
292,4.223734359,0.138328776
293,4.192958974,0.141702751
294,4.146649231,0.14503411
295,4.088857949,0.148021194
296,4.032807949,0.14909101
297,3.996880769,0.148642686
298,3.963402821,0.147161493
299,3.920680256,0.145581707
300,3.88622,0.144061979
301,3.862995641,0.142218721
302,3.826541282,0.14022731
303,3.768921538,0.139400661
304,3.704450769,0.140682981
305,3.652571282,0.14333757
306,3.621283077,0.14552088
307,3.603562821,0.147313562
308,3.588588462,0.149448726
309,3.57508,0.151428271
310,3.563331282,0.15289853
311,3.553001538,0.153356261
312,3.543869231,0.153026972
313,3.536363333,0.151913757
314,3.529981282,0.150778247
315,3.523714615,0.150147046
316,3.516110513,0.150483196
317,3.506164103,0.150541571
318,3.493398462,0.139316223
319,3.471432308,0.121378811
320,3.435422051,0.115010697
321,3.389363077,0.113852427
322,3.338801538,0.112703973
323,3.28610641,0.11141104
324,3.234711538,0.109932132
325,3.189320513,0.108683014
326,3.15422,0.108192357
327,3.12893,0.11006707
328,3.108643846,0.114563518
329,3.091938205,0.122872166
330,3.08281,0.135185373
331,3.079604615,0.150041444
332,3.087762674,0.176061671
333,3.11932524,0.210862568
334,3.203971731,0.249698437
335,3.33545187,0.281508301
336,3.507382689,0.29176589
337,3.680031111,0.291902508
338,3.839136352,0.288507401
339,3.988256028,0.285861345
340,4.15230456,0.275216346
341,4.442326662,0.224071544
342,4.656535781,0.146296066
343,4.66042469,0.118076275
344,4.601040755,0.110360056
345,4.540860277,0.109201585
346,4.494888739,0.113941251
347,4.439334302,0.125107189
348,4.375370401,0.13693423
349,4.336661328,0.142773458
350,4.337142581,0.140654609
351,4.35454978,0.133535126
352,4.368026953,0.125572416
353,4.374684379,0.117717718
354,4.37205362,0.109544239
355,4.361912264,0.102477315
356,4.338559054,0.098474063
357,4.304955301,0.097455425
358,4.282105253,0.097962338
359,4.256925468,0.099418941
360,4.22756192,0.101300822
361,4.193550458,0.103289246
362,4.157191719,0.105200014
363,4.125172342,0.107199927
364,4.105062579,0.110047702
365,4.099942999,0.113590107
366,4.107096099,0.11700224
367,4.1076683,0.118939395
368,4.101254928,0.119365137
369,4.092121291,0.118774789
370,4.081917249,0.117880818
371,4.070292607,0.1173635
372,4.055261864,0.117724764
373,4.034718682,0.119342584
374,4.008940267,0.122274698
375,3.979970889,0.12592994
376,3.95014298,0.12942358
377,3.92444766,0.132340473
378,3.909081902,0.134302702
379,3.905798367,0.134592416
380,3.900516991,0.1328285
381,3.883533117,0.129385012
382,3.857561203,0.12522663
383,3.83205022,0.121557582
384,3.809927584,0.119488327
385,3.783019952,0.119765228
386,3.754854928,0.122225623
387,3.751613668,0.125536189
388,3.767539818,0.128974789
389,3.767960946,0.13216725
390,3.741439456,0.134610353
391,3.690956424,0.135983263
392,3.626731251,0.136322621
393,3.562783973,0.13612759
394,3.507284207,0.136289355
395,3.459343706,0.137247063
396,3.4117949,0.138276536
397,3.360193002,0.137805528
398,3.307887135,0.134521952
399,3.254100697,0.128668791
400,3.193775822,0.122006386
401,3.134870802,0.116158803
402,3.09034893,0.11191213
403,3.065748203,0.108822136
404,3.055145673,0.105798352
405,3.05016,0.102584378
406,3.061347487,0.10052797
407,3.092375773,0.100637327
408,3.112589815,0.101202047
409,3.12382862,0.101454454
410,3.140719846,0.101866166
411,3.168548373,0.103201621
412,3.211503691,0.105369334
413,3.267715067,0.107918717
414,3.327849578,0.110550754
415,3.385705314,0.113190002
416,3.438488857,0.116760506
417,3.49054701,0.122416366
418,3.541547745,0.131265917
419,3.586063574,0.143590298
420,3.623405572,0.15898936
421,3.660496097,0.176825958
422,3.70629734,0.196763976
423,3.766441977,0.218218298
424,3.84316345,0.239884576
425,3.934519083,0.259351478
426,4.034687765,0.27366264
427,4.144124557,0.280863498
428,4.268636159,0.280246036
429,4.404715922,0.271525932
430,4.540510772,0.254969734
431,4.664849485,0.232089195
432,4.768635732,0.205685423
433,4.843164964,0.179135124
434,4.88499311,0.155237102
435,4.901586807,0.135922191
436,4.892162348,0.12201915
437,4.876050845,0.114319043
438,4.863864202,0.111404268
439,4.838939846,0.11160183
440,4.811199248,0.112996123
441,4.78323344,0.114323508
442,4.753963598,0.114660163
443,4.72433896,0.113791925
444,4.695715685,0.112218952
445,4.664871308,0.110447962
446,4.624235448,0.109133145
447,4.581902474,0.108592385
448,4.538155067,0.108442251
449,4.496635994,0.108682213
450,4.468144562,0.110005834
451,4.453832472,0.113546166
452,4.441800526,0.1196639
453,4.428008538,0.127702868
454,4.417753337,0.135731398
455,4.417451988,0.142096695
456,4.422981977,0.145713708
457,4.419570299,0.146503732
458,4.405375736,0.144897665
459,4.388267477,0.141679301
460,4.373198012,0.137612947
461,4.363066189,0.134031955
462,4.356717784,0.131696851
463,4.349374727,0.130846367
464,4.335685664,0.132002944
465,4.314713532,0.134735346
466,4.289768733,0.138907387
467,4.262185299,0.145126653
468,4.230973326,0.154468465
469,4.19341069,0.166739799
470,4.149091164,0.180929638
471,4.101259567,0.195149262
472,4.056290917,0.206812708
473,4.024134418,0.214675191
474,4.002972297,0.219037832
475,3.998962389,0.219391602
476,4.007473979,0.215297991
477,4.01203932,0.20712128
478,3.994427065,0.195704145
479,3.944844418,0.182330676
480,3.879446684,0.168108059
481,3.820560804,0.153829018
482,3.781367755,0.14032532
483,3.756851256,0.129194179
484,3.727001565,0.121369375
485,3.686404408,0.117017016
486,3.644673619,0.115197334
487,3.604460525,0.114388285
488,3.569834964,0.113989632
489,3.538566447,0.113802235
490,3.510005994,0.113546734
491,3.503310711,0.113405697
492,3.52545378,0.113542648
493,3.560469186,0.113529298
494,3.591037549,0.112718322
495,3.607963625,0.110874305
496,3.613383351,0.108585
497,3.617248744,0.106821699
498,3.620649176,0.106238012
499,3.627191195,0.106955148
500,3.639594737,0.108542758
501,3.653700402,0.110487084
502,3.674418888,0.112191699
503,3.711964099,0.112832585
504,3.746045942,0.112508172
505,3.781914428,0.11276899
506,3.819820845,0.115035836
507,3.861979444,0.119059785
508,3.914245304,0.12388136
509,3.962000484,0.127526264
510,4.00430691,0.128404585
511,4.017955134,0.125645719
512,4.004194089,0.120828149
513,3.992197188,0.115343
514,3.981609856,0.110314469
515,3.964474943,0.107841958
516,3.944239732,0.107800021
517,3.917762214,0.109652122
518,3.881819979,0.112293319
519,3.838754768,0.114955975
520,3.804088908,0.11730194
521,3.782177959,0.119911454
522,3.75683552,0.122836204
523,3.737799681,0.126390709
524,3.741829897,0.13042644
525,3.76400792,0.133906596
526,3.799505052,0.135790273
527,3.838713151,0.135627438
528,3.85929758,0.135169931
529,3.868920237,0.136769051
530,3.883341771,0.14130399
531,3.906152577,0.148489029
532,3.943949949,0.157493651
533,4.018577394,0.166282139
534,4.130105221,0.172610134
535,4.242425932,0.174494038
536,4.314830722,0.171722791
537,4.35699447,0.164727244
538,4.38221,0.15599305
539,4.389919648,0.149010694
540,4.391571461,0.143204515
541,4.386024982,0.138998073
542,4.377886718,0.135909787
543,4.370557683,0.133276748
544,4.36482495,0.130322048
545,4.361869702,0.126436572
546,4.363085969,0.121555441
547,4.364192599,0.116211237
548,4.354236249,0.111168073
549,4.334533814,0.107098298
550,4.311229432,0.105046148
551,4.282711704,0.105313222
552,4.247349378,0.107535952
553,4.204573859,0.111071409
554,4.159752022,0.115280052
555,4.121164355,0.119996451
556,4.090273273,0.1252158
557,4.057027556,0.130450887
558,4.014519071,0.135911865
559,3.962057394,0.141274112
560,3.910115162,0.146125965
561,3.869654626,0.15009092
562,3.834629919,0.15335631
563,3.802098161,0.155937216
564,3.777712344,0.157635346
565,3.76449009,0.158324788
566,3.756812527,0.158102195
567,3.746564779,0.157172912
568,3.727574283,0.15574264
569,3.687159495,0.154183366
570,3.616057935,0.152949725
571,3.528663454,0.151852087
572,3.443600694,0.151632778
573,3.372926913,0.152717134
574,3.326645735,0.155680509
575,3.307584238,0.161097551
576,3.31376102,0.169334915
577,3.3489383,0.180419159
578,3.421079093,0.193104121
579,3.538671917,0.205419743
580,3.694802323,0.214775288
581,3.856283059,0.218125505
582,3.976792975,0.213818446
583,4.043594844,0.204980364
584,4.077874731,0.194228967
585,4.088506522,0.183519124
586,4.074361586,0.174282435
587,4.040651822,0.166979317
588,3.994715977,0.161630093
589,3.944675637,0.158025831
590,3.896374268,0.155783938
591,3.855727921,0.154785756
592,3.82844678,0.154903316
593,3.813204221,0.15566419
594,3.806365694,0.156598189
595,3.813329585,0.157381683
596,3.833233894,0.157793163
597,3.850776006,0.157226976
598,3.857901643,0.156290335
599,3.855377054,0.155213196
600,3.838219358,0.153945246
601,3.80099492,0.153151658
602,3.75058102,0.152632493
603,3.700234329,0.152337316
604,3.657903598,0.152441575
605,3.62023644,0.153035222
606,3.578568215,0.154303722
607,3.52758187,0.155944878
608,3.470983711,0.157877092
609,3.419115066,0.160620558
610,3.383055071,0.164967523
611,3.370299915,0.171363148
612,3.38163136,0.179781764
613,3.410133711,0.190040399
614,3.449212836,0.201383135
615,3.505384391,0.213532199
616,3.583053607,0.225169335
617,3.66260779,0.234827165
618,3.735572852,0.24257526
619,3.806534816,0.247729639
620,3.881845637,0.250416292
621,3.966193922,0.250912603
622,4.063454108,0.249571814
623,4.178888669,0.246542686
624,4.307911681,0.241672345
625,4.440271813,0.234230921
626,4.5642339,0.224188462
627,4.674088809,0.212319273
628,4.768071501,0.199418197
629,4.838956091,0.186359422
630,4.87565864,0.174278471
631,4.874454381,0.163871836
632,4.845513327,0.155082399
633,4.81086543,0.14776135
634,4.777669254,0.141959043
635,4.759408045,0.137128648
636,NaN,NaN
637,NaN,NaN
638,NaN,NaN
639,NaN,NaN
640,NaN,NaN
641,NaN,NaN
642,NaN,NaN
643,NaN,NaN
644,NaN,NaN
645,NaN,NaN
646,NaN,NaN
647,NaN,NaN
648,NaN,NaN
649,NaN,NaN
650,NaN,NaN
651,4.668101979,0.120344624
652,4.647681079,0.119978409
653,4.627428691,0.120483763
654,4.601471195,0.121777492
655,4.565602346,0.123560101
656,4.529251634,0.125649751
657,4.504879361,0.128703864
658,4.492659812,0.132768523
659,4.4889726,0.137533532
660,4.492210377,0.142032901
661,4.495348963,0.145589012
662,4.494453571,0.147543641
663,4.485563853,0.147672876
664,4.464593407,0.146509157
665,4.430851571,0.143894294
666,4.401141414,0.140605546
667,4.38655377,0.137310947
668,4.38355377,0.134468489
669,4.381453428,0.132685254
670,4.374382963,0.131964047
671,4.360348869,0.132156227
672,4.343035822,0.132883362
673,4.330839801,0.133880003
674,4.324626792,0.135127396
675,4.319081969,0.136421643
676,4.311395602,0.138069605
677,4.303129613,0.140064623
678,4.292732586,0.14209511
679,4.276135398,0.144412024
680,4.253435152,0.146929397
681,4.226619801,0.149223221
682,4.196008,0.151374111
683,4.161937296,0.153646257
684,4.127036649,0.156008202
685,4.092523686,0.158083814
686,4.057457037,0.160152141
687,3.987233895,0.16706834
688,3.831771677,0.185531799
689,3.756703298,0.192809347
690,3.752382565,0.190102836
691,3.74642733,0.187020966
692,3.736439476,0.183678539
693,3.720250063,0.179934148
694,3.695150178,0.175938097
695,3.661352482,0.171876012
696,3.622806073,0.167802302
697,3.586035351,0.163594584
698,3.556464203,0.159117963
699,3.534963382,0.154804126
700,3.521459131,0.151158274
701,3.515361005,0.147952644
702,3.517517864,0.145067161
703,3.529226251,0.14250893
704,3.550903068,0.140403362
705,3.579585099,0.13903926
706,3.603558356,0.13814937
707,3.613000556,0.137564991
708,3.608353948,0.137349798
709,3.60488844,0.137394935
710,3.612136052,0.137758166
711,3.627423424,0.138173981
712,3.648706887,0.138691033
713,3.66927267,0.139612206
714,3.686881466,0.140818224
715,3.704712461,0.141891613
716,3.726605864,0.143042226
717,3.752310996,0.144445517
718,3.780926283,0.146021144
719,3.811959539,0.147592921
720,3.845594806,0.148888698
721,3.886005613,0.149902072
722,3.938823973,0.150685752
723,4.00190445,0.150958974
724,4.061658356,0.150751542
725,4.104639257,0.150718416
726,4.129925597,0.151313768
727,4.144205979,0.152388702
728,4.225810419,0.150745487
729,4.389238136,0.144279196
730,4.331038094,0.143786563
731,4.270678585,0.14425199
732,4.207532974,0.145693899
733,4.14220288,0.147732963
734,4.081759738,0.150205121
735,4.027747319,0.152741699
736,3.978806457,0.15474371
737,3.944768377,0.156290274
738,3.93056,0.157007242
739,3.931671414,0.156572932
740,3.937006073,0.155458174
741,3.952940178,0.154247839
742,3.98320799,0.153128405
743,4.015282,0.15262255
744,4.048043874,0.153268674
745,4.073736,0.154844215
746,4.079469853,0.157951598
747,4.082467654,0.161705762
748,4.105872492,0.165219629
749,4.165701099,0.167659315
750,4.260530534,0.167396601
751,4.358747673,0.16400057
752,4.416766073,0.158284956
753,4.421369016,0.151597697
754,4.39195201,0.144749289
755,4.355898555,0.138371477
756,4.328759036,0.133269939
757,4.308192869,0.130359574
758,4.294986869,0.129503513
759,4.275407351,0.130922851
760,4.232932921,0.134568885
761,4.174901405,0.139091074
762,4.114326126,0.144402832
763,4.061669319,0.150189005
764,4.01498356,0.155355096
765,3.968213508,0.159873482
766,3.925587592,0.162933019
767,3.899203089,0.164379052
768,3.886082,0.164844873
769,3.878146963,0.164071494
770,3.872809371,0.16250897
771,3.877754649,0.160147075
772,3.875823026,0.157055917
773,3.838818649,0.153607458
774,3.772683696,0.149746761
775,3.701455157,0.145615902
776,3.642130314,0.141606107
777,3.593251634,0.138629734
778,3.548161958,0.136033828
779,3.502991927,0.13385648
780,3.460917317,0.13258782
781,3.437092209,0.132401729
782,3.42663533,0.133323758
783,3.412728293,0.135486147
784,3.396214262,0.138434122
785,3.381930943,0.142539484
786,3.376973298,0.148062567
787,3.38535,0.154661286
788,3.403529791,0.162107552
789,3.444713774,0.169980764
790,3.517088178,0.177208819
791,3.614800283,0.182874378
792,3.729189602,0.186566611
793,3.844810817,0.187897141
794,3.953764717,0.187045487
795,4.067847309,0.1843573
796,4.201204513,0.179779509
797,4.337992702,0.172771096
798,4.436676429,0.163798253
799,4.482933585,0.154233344
800,4.497283414,0.144879387
801,4.493296052,0.136099868
802,4.472608492,0.12834181
803,4.43786244,0.121618393
804,4.401268616,0.116059691
805,4.374357686,0.112016588
806,4.355937686,0.109557284
807,4.335972283,0.108590691
808,4.304144702,0.108567611
809,4.266991675,0.110026691
810,4.228023351,0.112985856
811,4.179649215,0.115550278
812,4.142420419,0.118682404
813,4.109104067,0.122081379
814,4.064181162,0.12547439
815,4.009851592,0.128375789
816,3.959118314,0.131089121
817,3.913970524,0.133883995
818,3.864576352,0.136679601
819,3.807082408,0.139362034
820,3.751675812,0.14163969
821,3.709499414,0.143894003
822,3.676085696,0.146829798
823,3.646609308,0.150258342
824,3.624287518,0.153937423
825,3.622705864,0.158225631
826,3.653239476,0.162402557
827,3.705212188,0.165985972
828,3.777141635,0.168163621
829,3.847972859,0.167478253
830,3.876128576,0.165179315
831,3.86473666,0.162123869
832,3.837479822,0.159161251
833,3.810100608,0.15674626
834,3.787110157,0.155137351
835,3.765506387,0.153940825
836,3.74158178,0.152771406
837,3.720125236,0.151522522
838,3.707068459,0.15029173
839,3.707526723,0.148841273
840,3.723461613,0.146578537
841,3.744285016,0.143067227
842,3.74120045,0.139246096
843,3.715013585,0.135581393
844,3.692172555,0.132006387
845,3.67432133,0.128915211
846,3.647992429,0.126699538
847,3.609340597,0.125437379
848,3.570255409,0.124990671
849,3.544472283,0.125565875
850,3.520909812,0.127791095
851,3.47945112,0.131543494
852,3.434629025,0.136390115
853,3.408975288,0.141599634
854,3.41687288,0.147111396
855,3.454754859,0.151768757
856,3.501010209,0.154750704
857,3.53488522,0.156243811
858,3.544772251,0.156686926
859,3.526017801,0.156347468
860,3.492505026,0.155993982
861,3.457697068,0.156528867
862,3.421949119,0.158832686
863,3.385487215,0.163196805
864,3.350195738,0.169746537
865,3.325587623,0.178880868
866,3.323928147,0.19019789
867,3.343405021,0.202693309
868,3.378307288,0.215119731
869,3.433554471,0.226440898
870,3.519210524,0.235100985
871,3.644312262,0.239175617
872,3.811850932,0.237521808
873,3.993060398,0.230336701
874,4.151370471,0.219284377
875,4.281960461,0.20611558
876,4.393393323,0.19168662
877,4.482611969,0.177104098
878,4.541928136,0.163922046
879,4.568798115,0.152514736
880,4.564110283,0.14284295
881,4.539109654,0.135118266
882,4.505238953,0.12924297
883,4.464869948,0.12490357
884,4.425341204,0.12205691
885,4.395428534,0.12053118
886,4.3749163,0.119774141
887,4.357514545,0.119845198
888,4.339073644,0.120610991
889,4.324685487,0.121950205
890,4.319403602,0.123881065
891,4.319052348,0.125762638
892,4.311129539,0.127348066
893,4.294666209,0.129367928
894,4.271818272,0.130169629
895,4.244235021,0.130544815
896,4.209988702,0.130630859
897,4.16599756,0.130763893
898,4.117400366,0.130672642
899,4.073923843,0.130542575
900,4.029853208,0.130515107
901,3.982669497,0.130459884
902,3.944224848,0.130290284
903,3.922407026,0.130147857
904,3.911818545,0.130382353
905,3.907202379,0.131076966
906,3.909259529,0.132355988
907,3.917644869,0.13446157
908,3.921552356,0.136998532
909,3.913150471,0.13993418
910,3.898244319,0.142942557
911,3.885782031,0.146574376
912,3.881962597,0.150060473
913,3.885887267,0.152603756
914,3.902265948,0.154612483
915,3.932396017,0.155998567
916,3.98921799,0.157248545
917,4.075170272,0.156944886
918,4.178512513,0.155187248
919,4.276511435,0.152169947
920,4.348727987,0.149212871
921,4.37982001,0.146941981
922,4.366910963,0.146153728
923,4.312438272,0.146542771
924,4.244202942,0.147946782
925,4.17813805,0.150403832
926,4.121791267,0.153504458
927,4.080703162,0.15653094
928,4.035887204,0.159589754
929,3.987583801,0.161968071
930,3.94097673,0.162808697
931,3.887887749,0.163263789
932,3.83494534,0.162420111
933,3.79849445,0.160334324
934,3.764010942,0.157865124
935,3.725524921,0.154577793
936,3.673086597,0.150680746
937,3.625035079,0.144517161
938,3.605872785,0.138809814
939,3.590000189,0.13349287
940,3.567816953,0.128900071
941,3.533276366,0.125306382
942,3.486674209,0.122707869
943,3.437479738,0.120779407
944,3.393954361,0.119635681
945,3.358469298,0.118916652
946,3.329340565,0.11866228
947,3.301179225,0.118956561
948,3.272531089,0.119891129
949,3.251462788,0.122070998
950,3.240115152,0.125879713
951,3.226419508,0.131399557
952,3.207616408,0.138670191
953,3.193937571,0.147157913
954,3.193971698,0.157163695
955,3.195360157,0.168575853
956,3.19386,0.181126062
957,3.202514971,0.193005416
958,3.254000662,0.204877357
959,3.375506511,0.215827958
960,3.555938626,0.224324883
961,3.7460226,0.229071365
962,3.912075029,0.230690973
963,4.045292476,0.229732023
964,4.143972113,0.226385679
965,4.209957924,0.221290346
966,4.247655468,0.215220129
967,4.257632992,0.208686506
968,4.238664615,0.202109539
969,4.1968,0.195693678
970,4.146044522,0.189397537
971,4.085430769,0.183507313
972,4.01624191,0.178109313
973,3.944402339,0.173135833
974,3.875666923,0.168482144
975,3.818890273,0.164121308
976,3.777384425,0.160243809
977,3.74504,0.157117673
978,3.715685088,0.154911342
979,3.686893674,0.153709401
980,3.657952308,0.153640574
981,3.632274347,0.154821758
982,3.617356667,0.157169449
983,3.621331538,0.160493595
984,3.656732904,0.164300889
985,3.727215185,0.167387104
986,3.813610117,0.169133363
987,3.884795239,0.168803535
988,3.931032066,0.166442742
989,3.965783684,0.161813118
990,3.997643223,0.155503748
991,4.012785205,0.148275124
992,4.000724444,0.140467285
993,3.968048715,0.132375688
994,3.927278596,0.124557689
995,3.88684,0.117536968
996,3.845923821,0.111951176
997,3.813240565,0.108286026
998,3.783949932,0.106687829
999,3.757458041,0.106584015
1000,3.726103659,0.108042028
1001,3.689971165,0.110300729
1002,3.662052353,0.112719423
1003,3.651048641,0.115423989
1004,3.657117573,0.118463106
1005,3.675216275,0.121683189
1006,3.708801845,0.125229431
1007,3.783653495,0.129039912
1008,3.902996667,0.132139278
1009,4.018807476,0.134007106
1010,4.088277353,0.135468183
1011,4.108290583,0.137102656
1012,4.093261456,0.138766075
1013,4.057898725,0.140561306
1014,4.02041835,0.142463439
1015,3.987408641,0.144549571
1016,3.953851569,0.147085439
1017,3.918165922,0.149914637
1018,3.883545534,0.152743179
1019,3.846443824,0.155550346
1020,3.798971359,0.158121849
1021,3.75035,0.16014752
1022,3.712253301,0.161958233
1023,3.689975243,0.163397244
1024,3.689717843,0.164322733
1025,3.70098767,0.164229007
1026,3.679565825,0.163363487
1027,3.632238824,0.162425716
1028,3.576852233,0.161133193
1029,3.524249412,0.158967452
1030,3.492402621,0.156121301
1031,3.498545146,0.153577411
1032,3.533205882,0.151310664
1033,3.567137961,0.149256387
1034,3.59507,0.147979253
1035,3.62822534,0.147392079
1036,3.678632941,0.147806312
1037,3.751922718,0.148669606
1038,3.856811262,0.14916385
1039,3.983135882,0.148876845
1040,4.090846796,0.147670029
1041,4.15574,0.146044274
1042,4.195763107,0.144770201
1043,4.225942524,0.143475406
1044,4.236041176,0.141849943
1045,4.229024369,0.139977039
1046,4.221359417,0.137878722
1047,4.21814,0.135928321
1048,4.208325631,0.134679925
1049,4.188935588,0.134371505
1050,4.167231165,0.134923528
1051,4.140184175,0.136446373
1052,4.103604706,0.139154139
1053,4.068217282,0.143083923
1054,4.041294951,0.148474582
1055,4.019972353,0.156004453
1056,3.998733689,0.166196917
1057,3.96506068,0.178850936
1058,3.909727941,0.193066511
1059,3.839041262,0.207465253
1060,3.76642,0.221080591
1061,3.702257476,0.233290003
1062,3.645154369,0.243062461
1063,3.583794902,0.249705122
1064,3.514186214,0.252587551
1065,3.439198835,0.251634393
1066,3.364964706,0.247253988
1067,3.303382524,0.240083199
1068,3.261072255,0.231219158
1069,3.233308932,0.222075535
1070,3.212033592,0.213404355
1071,3.187602843,0.206349682
1072,3.161489903,0.200654036
1073,3.14282,0.196051142
1074,3.13981,0.192144726
1075,3.15296,0.189147844
1076,3.17473,0.186316004
1077,3.20789,0.183641394
1078,3.25607,0.181470444
1079,3.31049,0.179078898
1080,3.36108,0.176060796
1081,3.404,0.172534031
1082,3.4418,0.168570137
1083,3.47907,0.164916161
1084,3.51136,0.161386693
1085,3.52898,0.157489553
1086,3.53847,0.152924933
1087,3.55079,0.14853509
1088,3.56135,0.14486357
1089,3.57246,0.142046049
1090,3.58637,0.13987762
1091,3.60154,0.138485364
1092,3.62029,0.137940809
1093,3.64609,0.138652733
1094,3.68154,0.140441932
1095,3.71543,0.143077562
1096,3.73678,0.145852748
1097,3.7555,0.149574561
1098,3.78004,0.153694631
1099,3.80177,0.157855556
1100,3.82979,0.161825947
1101,3.85586,0.165381673
1102,3.88524,0.168400369
1103,3.9163,0.171627484
1104,3.93847,0.174582341
1105,3.95118,0.177782174
1106,3.95173,0.181564355
1107,3.94531,0.186149746
1108,3.93602,0.191399797
1109,3.92348,0.197110103
1110,3.90063,0.202859203
1111,3.85775,0.207472529
1112,3.79167,0.211017205
1113,3.73284,0.213933775
1114,3.69244,0.215603316
1115,3.66591,0.216579693
1116,3.64692,0.217606178
1117,3.63259,0.21903185
1118,3.6308,0.220985547
1119,3.6446,0.223191678
1120,3.67099,0.22511416
1121,3.71213,0.226819775
1122,3.7588,0.227445509
1123,3.80236,0.22682991
1124,3.84177,0.224978219
1125,3.88864,0.22168688
1126,3.94322,0.217159013
1127,4.00542,0.212236845
1128,4.06563,0.206455103
1129,4.11337,0.200806833
1130,4.15148,0.195470665
1131,4.19476,0.191018654
1132,4.23496,0.187477601
1133,4.25444,0.184871342
1134,4.241873962,0.183301511
1135,4.210516792,0.182715539
1136,4.178732264,0.18275217
1137,4.134033585,0.183118548
1138,4.074725794,0.183545869
1139,4.008888396,0.18372391
1140,3.94092283,0.183686071
1141,3.875967925,0.18329446
1142,3.824558868,0.182542353
1143,3.799497075,0.181640635
1144,3.801134717,0.180417146
1145,3.808282264,0.178484071
1146,3.798065849,0.175995866
1147,3.772453113,0.173160896
1148,3.744038879,0.169740414
1149,3.717579623,0.166058938
1150,3.704559245,0.162267315
1151,3.703021509,0.158243514
1152,3.683198491,0.154231614
1153,3.64409566,0.150305037
1154,3.602428113,0.14634247
1155,3.569825283,0.142433932
1156,3.544391321,0.138637012
1157,3.519476415,0.135002674
1158,3.493536792,0.131610447
1159,3.471855794,0.1285085
1160,3.456365377,0.125708409
1161,3.444639717,0.123221906
1162,3.433919434,0.121033164
1163,3.42182934,0.119235198
1164,3.41122934,0.11812857
1165,3.407676038,0.11771949
1166,3.40354934,0.117778002
1167,3.397936604,0.118130541
1168,3.398068679,0.118989992
1169,3.391963458,0.120225937
1170,3.385108113,0.121694833
1171,3.390411509,0.123490631
1172,3.410315283,0.125006687
1173,3.432771509,0.126039384
1174,3.451263962,0.126629339
1175,3.468393962,0.126991586
1176,3.481946415,0.126650285
1177,3.485620943,0.125368436
1178,3.480218679,0.123557358
1179,3.476216729,0.121725715
1180,3.482658679,0.120230461
1181,3.495186981,0.119167071
1182,3.502146321,0.118381133
1183,3.510290094,0.117886786
1184,3.52340566,0.117598587
1185,3.531846887,0.117789153
1186,3.533535566,0.118319666
1187,3.536774717,0.119617442
1188,3.539264245,0.121345046
1189,3.543428491,0.123744904
1190,3.547535607,0.126667039
1191,3.550843208,0.129851844
1192,3.556603208,0.133220467
1193,3.575767736,0.136490119
1194,3.619416792,0.139323611
1195,3.69518283,0.141444028
1196,3.799088491,0.14265592
1197,3.911087925,0.142823239
1198,4.010769434,0.14186583
1199,4.090026168,0.140081046
1200,4.14747217,0.138044903
1201,4.196247075,0.135798558
1202,4.247990943,0.133764526
1203,4.299689057,0.132221591
1204,4.336178302,0.130766449
1205,4.353181604,0.129720529
1206,4.350807075,0.129330863
1207,4.332250189,0.129480824
1208,4.30843566,0.129907804
1209,4.288040849,0.130561893
1210,4.272871589,0.131514615
1211,4.264379434,0.132923017
1212,4.255199434,0.134995948
1213,4.230990189,0.137579497
1214,4.18722717,0.140385113
1215,4.132238491,0.143561476
1216,4.07502717,0.147222421
1217,4.018839057,0.15101805
1218,3.964288491,0.154442352
1219,3.916070377,0.157153106
1220,3.88291,0.159162955
1221,3.873863271,0.160335214
1222,3.884293491,0.161579333
1223,3.902763962,0.16240971
1224,3.913887547,0.162587146
1225,3.91377434,0.162537017
1226,3.904161509,0.162182406
1227,3.887130189,0.161758717
1228,3.860930849,0.161233241
1229,3.817389811,0.160853243
1230,3.750806916,0.160350352
1231,3.669325472,0.158774154
1232,3.591267736,0.156248336
1233,3.527929434,0.153862419
1234,3.473546415,0.151363297
1235,3.422448113,0.148877086
1236,3.36680434,0.14648091
1237,3.310688679,0.144110583
1238,3.264622642,0.142033292
1239,3.234613962,0.140071555
1240,3.219844151,0.139137535
1241,3.212048411,0.138998106
1242,3.208310755,0.139844721
1243,3.204676792,0.141453105
1244,3.198451792,0.143927843
1245,3.19094717,0.147198397
1246,3.182215,0.150990308
1247,3.17346066,0.155064424
1248,3.171470943,0.159313749
1249,3.18795066,0.163562647
1250,3.234222642,0.167415468
1251,3.314466542,0.170637908
1252,3.427815094,0.173288243
1253,3.570592453,0.175146477
1254,3.73296566,0.175508945
1255,3.89410717,0.173808479
1256,4.028714717,0.170719716
1257,4.126163019,0.167473933
1258,4.197677736,0.164045979
1259,4.249541887,0.160664539
1260,4.279393962,0.157580115
1261,4.274821132,0.154913805
1262,4.242274953,0.152761195
1263,4.196174151,0.151398815
1264,4.140478585,0.150570047
1265,4.080853868,0.149696384
1266,4.032039906,0.148690557
1267,4.002506698,0.147631737
1268,3.985405283,0.146446649
1269,3.964174528,0.145590914
1270,3.93272066,0.145110652
1271,3.895676355,0.144389104
1272,3.85491,0.143709592
1273,3.800900566,0.143098742
1274,3.744966792,0.141592315
1275,3.69309434,0.139559976
1276,3.650680943,0.137642088
1277,3.609666604,0.135165625
1278,3.568953396,0.132667219
1279,3.538889245,0.130110854
1280,3.522404717,0.127877555
1281,3.512009245,0.126230733
1282,3.502346636,0.125194154
1283,3.496051321,0.124953688
1284,3.499420283,0.125609342
1285,3.517688868,0.126977679
1286,3.555174057,0.129170844
1287,3.617928302,0.132776041
1288,3.702269811,0.137009568
1289,3.787916038,0.140632809
1290,3.865783962,0.144165906
1291,3.948062642,0.147942206
1292,4.036512925,0.150368864
1293,4.102212523,0.151083568
1294,4.119924906,0.151261408
1295,4.095479623,0.151603557
1296,4.061244528,0.151804681
1297,4.036933208,0.151964854
1298,4.016095094,0.15232818
1299,3.989690189,0.152777629
1300,3.957272453,0.153302011
1301,3.921771321,0.154081255
1302,3.887050654,0.154940468
1303,3.852895566,0.155718938
1304,3.817108868,0.156755679
1305,3.787948396,0.157379327
1306,3.772273868,0.15766893
1307,3.756151226,0.156910203
1308,3.726822358,0.155334359
1309,3.685463113,0.15314799
1310,3.641099057,0.150402276
1311,3.596671981,0.14768852
1312,3.557837075,0.145586221
1313,3.530035701,0.144019125
1314,3.508172075,0.143042715
1315,3.48593283,0.142856782
1316,3.46252717,0.143616696
1317,3.441686792,0.144945547
1318,3.428226792,0.146283269
1319,3.427057358,0.147527289
1320,3.443826981,0.148523023
1321,3.479117547,0.148991528
1322,3.519719245,0.14919874
1323,3.564155327,0.149139932
1324,3.612811038,0.148339333
1325,3.657914811,0.14747527
1326,3.69618934,0.146305611
1327,3.740569528,0.144994766
1328,3.791558774,0.143022105
1329,3.842198019,0.13993408
1330,3.882953019,0.136738616
1331,3.910427547,0.133961458
1332,3.929912736,0.131600622
1333,3.946278037,0.129605843
1334,3.960517925,0.128014322
1335,3.969993396,0.126976153
1336,3.974213962,0.126505887
1337,3.979154717,0.1264935
1338,3.988011887,0.127235188
1339,4.001788491,0.128856123
1340,4.015676226,0.131143203
1341,4.028370189,0.134133127
1342,4.034624906,0.137748029
1343,4.031699057,0.142048969
1344,4.017572617,0.146725299
1345,3.988013774,0.151843257
1346,3.942641981,0.157259793
1347,3.883656604,0.162585072
1348,3.814340755,0.167207127
1349,3.742914151,0.170335948
1350,3.675578302,0.172416959
1351,3.608894717,0.174179781
1352,3.536907264,0.175187209
1353,3.46107434,0.174906647
1354,3.390533458,0.17364613
1355,3.332618868,0.171518361
1356,3.283773019,0.168742897
1357,3.24993566,0.165389246
1358,3.229534717,0.161903494
1359,3.21778,0.15870434
1360,3.212161053,0.155233501
1361,3.211386316,0.152306156
1362,3.215564149,0.149712329
1363,3.229208632,0.147219848
1364,3.253346737,0.145088653
1365,3.290609579,0.143508432
1366,3.343568737,0.142149562
1367,3.408408316,0.14056287
1368,3.481678,0.139396628
1369,3.563488211,0.138588918
1370,3.644228511,0.136351174
1371,3.700609053,0.133600863
1372,3.734944316,0.131302757
1373,3.763569158,0.128938769
1374,3.796912737,0.126929662
1375,3.830353579,0.124974431
1376,3.876868737,0.123115258
1377,3.919225368,0.121710095
1378,3.953644,0.119909939
1379,3.976354316,0.118439484
1380,3.986503158,0.11798686
1381,3.998648421,0.118477269
1382,4.022823053,0.119283043
1383,4.052343474,0.119864391
1384,4.072176737,0.120316483
1385,4.069161277,0.120849522
1386,3.986658737,0.135387566
1387,3.820541158,0.167473776
1388,3.721186211,0.180723894
1389,3.689921684,0.177901972
1390,3.669242526,0.174954931
1391,3.654548526,0.172021503
1392,3.639783053,0.169006013
1393,3.613577553,0.165716044
1394,3.580739474,0.161950274
1395,3.551678421,0.157978473
1396,3.52704,0.154326461
1397,3.501898421,0.150812121
1398,3.480626842,0.14761413
1399,3.463190426,0.144527891
1400,3.450470737,0.141920573
1401,3.442336842,0.139914823
1402,3.434279368,0.137804065
1403,3.431583368,0.136024686
1404,3.435974105,0.134744601
1405,3.448862105,0.13398945
1406,3.471311263,0.13450116
1407,3.508577234,0.136148339
1408,3.557396105,0.13739935
1409,3.607429684,0.137966476
1410,3.655541684,0.138917419
1411,3.705660842,0.140610134
1412,3.756743579,0.142336142
1413,3.796724737,0.143993086
1414,3.824426632,0.146584867
1415,3.842631158,0.149760457
1416,3.850443789,0.15392847
1417,3.845555368,0.158816438
1418,3.822518526,0.164147469
1419,3.793053579,0.169274784
1420,3.773956737,0.173810289
1421,3.766507474,0.177925064
1422,3.799882128,0.168405
1423,3.847848632,0.145880334
1424,3.814500737,0.139379333
1425,3.761332316,0.137720193
1426,3.709838842,0.136267943
1427,3.653146211,0.134675656
1428,3.586660947,0.133135326
1429,3.509016316,0.131387926
1430,3.435127128,0.128906603
1431,3.373675789,0.126846884
1432,3.322454737,0.12506886
1433,3.28559,0.123865326
1434,3.263257368,0.123059738
1435,3.248803684,0.122509294
1436,3.236969255,0.122235148
1437,3.230134105,0.122476684
1438,3.225296,0.123289138
1439,3.222442421,0.124867889
1440,3.217650842,0.127420987
1441,3.212628632,0.131032859
1442,3.210501895,0.135817237
1443,3.210025158,0.14155075
1444,3.209440638,0.148339948
1445,3.208079789,0.156393119
1446,3.202949368,0.165308351
1447,3.197751053,0.174329594
1448,3.202229684,0.183146649
1449,3.233462947,0.191925538
1450,3.315484316,0.200602374
1451,3.450131053,0.207554298
1452,3.624266316,0.211888419
1453,3.808976211,0.212297381
1454,3.970544632,0.21106808
1455,4.084903158,0.20821802
1456,4.153777263,0.204246948
1457,4.180244632,0.199359853
1458,4.175702421,0.194322833
1459,4.155204894,0.188979441
1460,4.125788947,0.183641003
1461,4.083233789,0.178698982
1462,4.022487895,0.174031025
1463,3.946790632,0.169009675
1464,3.868185158,0.163665558
1465,3.791294105,0.158957164
1466,3.714918526,0.154909934
1467,3.646590319,0.150855199
1468,3.586635263,0.146979003
1469,3.531676316,0.143800618
1470,3.4793,0.140787508
1471,3.43589,0.138238705
1472,3.399417368,0.136420943
1473,3.366576383,0.134867473
1474,3.338657789,0.132893818
1475,3.316489158,0.131509176
1476,3.303002211,0.130463251
1477,3.301630842,0.129388102
1478,3.307925474,0.128520261
1479,3.308882947,0.12804488
1480,3.301190632,0.128298333
1481,3.290843191,0.129154415
1482,3.280116526,0.130543024
1483,3.272159684,0.132663154
1484,3.269152526,0.13567321
1485,3.268421474,0.139165223
1486,3.276738526,0.143377034
1487,3.320956421,0.148729124
1488,3.420599368,0.154134388
1489,3.565641684,0.158234345
1490,3.726712842,0.16036519
1491,3.881300316,0.161647376
1492,4.011363895,0.162677642
1493,4.107654211,0.162708843
1494,4.167873158,0.161690645
1495,4.197547368,0.160369029
1496,4.20491383,0.159048899
1497,4.197010842,0.157953372
1498,4.180143684,0.156849646
1499,4.158790421,0.155549112
1500,4.136220737,0.15437045
1501,4.110002632,0.153357419
1502,4.072709474,0.152556971
1503,4.020842737,0.15168248
1504,3.960124362,0.151059862
1505,3.900033684,0.151093303
1506,3.841253684,0.151849679
1507,3.78139,0.152680222
1508,3.726652105,0.152729562
1509,3.685735263,0.152546673
1510,3.656992021,0.152936034
1511,3.635300632,0.153587162
1512,3.619794105,0.154494848
1513,3.608465053,0.15545554
1514,3.602333263,0.156939091
1515,3.603049579,0.15888295
1516,3.606558421,0.160739249
1517,3.611446,0.162530076
1518,3.62391766,0.16443947
1519,3.647274,0.166471539
1520,3.684911895,0.168098094
1521,3.738460526,0.169402345
1522,3.805113158,0.169982264
1523,3.874851895,0.169892061
1524,3.942668737,0.169377599
1525,4.014803895,0.168906105
1526,4.094286211,0.167815848
1527,4.170066,0.165656696
1528,4.230107684,0.163157049
1529,4.265661158,0.161167408
1530,4.283521895,0.15920103
1531,4.291857474,0.157565663
1532,4.295722105,0.156324752
1533,4.295034681,0.155433052
1534,4.282596947,0.154902442
1535,4.252055474,0.154749887
1536,4.204726,0.155008019
1537,4.145840842,0.155603511
1538,4.081046316,0.156344072
1539,4.017702842,0.157272127
1540,3.964043684,0.158472214
1541,3.917497021,0.160326841
1542,3.876071579,0.162447122
1543,3.839836842,0.164634711
1544,3.81132,0.166638131
1545,3.790055789,0.168515154
1546,3.771414737,0.170288945
1547,3.753520745,0.171848402
1548,3.738757368,0.173433106
1549,3.72777,0.17484133
1550,3.715264211,0.175574982
1551,3.702151789,0.175588315
1552,3.690091789,0.175511017
1553,3.677748421,0.17557777
1554,3.663334421,0.175745702
1555,3.645882766,0.175555025
1556,3.627,0.174735218
1557,3.608465474,0.173487102
1558,3.592130737,0.172678365
1559,3.578304947,0.171595327
1560,3.569980105,0.170619145
1561,3.569790947,0.169663202
1562,3.579350526,0.168659595
1563,3.599735368,0.16779175
1564,3.629745474,0.166943704
1565,3.671058632,0.166026854
1566,3.726291474,0.165083933
1567,3.793956947,0.163660665
1568,3.870159474,0.162122816
1569,3.947607789,0.160574733
1570,4.01670383,0.158442447
1571,4.070464,0.155724875
1572,4.106176947,0.153027034
1573,4.121038632,0.150682749
1574,4.113230105,0.148847649
1575,4.086019158,0.147416319
1576,4.047082316,0.145993422
1577,4.002909895,0.144693448
1578,3.956545319,0.143449256
1579,3.912945263,0.142552825
1580,3.874212632,0.142196605
1581,3.83856,0.142069785
1582,3.805813158,0.142048004
1583,3.780867895,0.141951214
1584,3.761743723,0.142415458
1585,3.746315684,0.143354215
1586,3.735746211,0.144382908
1587,3.730932,0.145360878
1588,3.729048632,0.146525818
1589,3.726292,0.147713955
1590,3.720739158,0.148893145
1591,3.710755789,0.14978488
1592,3.697764255,0.150635545
1593,3.683323053,0.151753635
1594,3.666588,0.15273453
1595,3.647328211,0.153472264
1596,3.625761368,0.154258926
1597,3.601695684,0.155065295
1598,3.574369789,0.155530949
1599,3.547610211,0.155782717
1600,3.518546211,0.156082914
1601,3.488544526,0.156381989
1602,3.460827263,0.156464762
1603,3.439704316,0.156162944
1604,3.423929263,0.155820164
1605,3.414618526,0.155465534
1606,3.414875263,0.155036477
1607,3.425377021,0.15458715
1608,3.442569684,0.154274908
1609,3.465701263,0.153599187
1610,3.493570316,0.152613475
1611,3.523388316,0.151695352
1612,3.553093158,0.150711068
1613,3.579763263,0.149584324
1614,3.602439684,0.148379439
1615,3.62359,0.147126238
1616,3.644071053,0.145896093
1617,3.662215263,0.145029949
1618,3.67583,0.143956022
1619,3.688627895,0.142908982
1620,3.699687895,0.141843197
1621,3.705723617,0.140674142
1622,3.707246526,0.139998998
1623,3.701812842,0.139948112
1624,3.690774211,0.140041143
1625,3.677495053,0.140400366
1626,3.665213579,0.141051995
1627,3.653538842,0.142263295
1628,3.645186526,0.143805549
1629,3.643684255,0.145392724
1630,3.648713579,0.147235801
1631,3.657228737,0.149563574
1632,3.663791684,0.15193866
1633,3.664073053,0.154382608
1634,3.651289684,0.156753008
1635,3.627659895,0.15886069
1636,3.598554211,0.161110402
1637,3.564455053,0.162759869
1638,3.532126211,0.164730885
1639,3.506673579,0.166794234
1640,3.490597368,0.169121626
1641,3.486293684,0.17150935
1642,3.492658737,0.174019576
1643,3.508064526,0.176797624
1644,3.53112234,0.179643054
1645,3.562440316,0.182436122
1646,3.611472947,0.185546304
1647,3.679406842,0.188513227
1648,3.756542737,0.189882218
1649,3.838015579,0.189960437
1650,3.919400947,0.189147843
1651,3.989920947,0.187109741
1652,4.048578191,0.183665966
1653,4.096928421,0.179885741
1654,4.131215789,0.176099546
1655,4.14528,0.17171012
1656,4.142834455,0.16804338
1657,4.1304845,0.164203247
1658,4.113902475,0.161152086
1659,4.095988218,0.158412334
1660,4.080122079,0.156330548
1661,4.0690932,0.154340851
1662,4.059221584,0.153208743
1663,4.044611683,0.151963778
1664,4.021355446,0.151556661
1665,3.991976,0.151631556
1666,3.954807822,0.151687278
1667,3.908267624,0.151637692
1668,3.8570995,0.152025203
1669,3.809140396,0.152432048
1670,3.762071089,0.151969143
1671,3.717810495,0.151576061
1672,3.679012,0.151183837
1673,3.647726337,0.151081897
1674,3.62392505,0.150662922
1675,3.602763663,0.150235974
1676,3.582681,0.149890007
1677,3.567116733,0.14982183
1678,3.554603465,0.149568371
1679,3.54591,0.149246918
1680,3.5399108,0.149186763
1681,3.536368812,0.149596783
1682,3.535403069,0.150191284
1683,3.539214,0.15097296
1684,3.547358317,0.151728473
1685,3.558829505,0.152767372
1686,3.574049505,0.154272926
1687,3.5920874,0.156017915
1688,3.61081703,0.157582297
1689,3.630422178,0.158840758
1690,3.652105347,0.160132244
1691,3.671516,0.161556264
1692,3.689429505,0.16321428
1693,3.706991386,0.165693378
1694,3.730862,0.168354144
1695,3.764801584,0.170469608
1696,3.810697723,0.172190504
1697,3.869060099,0.17366314
1698,3.9329216,0.174933724
1699,3.986196139,0.175860806
1700,4.019417921,0.17647802
1701,4.034083366,0.177309556
1702,4.0333846,0.178592528
1703,4.020478317,0.180319762
1704,3.995842178,0.182307
1705,3.9616568,0.184217962
1706,3.92267099,0.186144236
1707,3.881300198,0.18819636
1708,3.8411,0.190227843
1709,3.8039178,0.192076823
1710,3.768115347,0.193898499
1711,3.732143069,0.195911101
1712,3.693739208,0.198207011
1713,3.6529828,0.200425205
1714,3.613252673,0.202099444
1715,3.579208812,0.203330886
1716,3.55577198,0.204287685
1717,3.547803,0.205307536
1718,3.55763198,0.206539703
1719,3.582500495,0.207834699
1720,3.6185227,0.208814549
1721,3.660185347,0.209134425
1722,3.698845149,0.209026837
1723,3.726230297,0.208964808
1724,3.73899,0.209260219
1725,3.738883366,0.209662702
1726,3.730139109,0.210021391
1727,3.71433,0.210644087
1728,3.6919377,0.211690363
1729,3.667173861,0.21316855
1730,3.644640594,0.21490681
1731,3.62661,0.216681447
1732,3.61389703,0.21828482
1733,3.608706535,0.219776574
1734,3.614956139,0.221495198
1735,3.6351196,0.223494398
1736,3.668902871,0.225384925
1737,3.709863267,0.226701511
1738,3.750211782,0.22745161
1739,3.7878831,0.227860982
1740,3.822434356,0.228007279
1741,3.85220802,0.227934653
1742,3.875348812,0.227676291
1743,3.8891856,0.227311653
1744,3.893251089,0.226825824
1745,3.888694158,0.225950655
1746,3.8756256,0.224787534
1747,3.855062475,0.223306551
1748,3.830435842,0.221605975
1749,3.805639406,0.219713401
1750,3.7818935,0.21765055
1751,3.757605842,0.215543083
1752,3.733308812,0.213453595
1753,3.709894356,0.211172154
1754,3.686482,0.208652873
1755,3.661783861,0.206096902
1756,3.636659604,0.203518907
1757,3.6106038,0.200913251
1758,3.582933564,0.198398027
1759,3.55453505,0.196153418
1760,3.526398812,0.194081184
1761,3.4978076,0.191716227
1762,3.470284554,0.188968291
1763,3.448027525,0.186330189
1764,3.429149505,0.183873648
1765,3.414466,0.181467016
1766,3.40572802,0.179083623
1767,3.404151584,0.176931234
1768,3.409598,0.175111802
1769,3.419371584,0.173456617
1770,3.430109307,0.171981483
1771,3.442230495,0.170810237
1772,3.4574065,0.169869107
1773,3.473972178,0.168949083
1774,3.490907426,0.168368765
1775,3.508465644,0.168155738
1776,3.5277852,0.167433763
1777,3.545858119,0.166989417
1778,3.565182772,0.16643253
1779,3.587995644,0.16589464
1780,3.6114901,0.165688648
1781,3.636526337,0.165324117
1782,3.663076832,0.164792995
1783,3.6900918,0.164280499
1784,3.717845149,0.164106856
1785,3.745987327,0.164291413
1786,3.777671485,0.164212345
1787,3.8138452,0.163783677
1788,3.853539109,0.163630551
1789,3.894753465,0.163456064
1790,3.935414455,0.163346846
1791,3.9700322,0.163394203
1792,3.99411604,0.163204401
1793,4.00472,0.16315319
1794,3.999589159,0.163650088
1795,3.977979065,0.164331381
1796,3.942534019,0.164967695
1797,3.903294074,0.165727292
1798,3.865675888,0.16654966
1799,3.827761121,0.167132239
1800,3.787767383,0.167621028
1801,3.746996355,0.168006486
1802,3.705761495,0.168245692
1803,3.663455327,0.168701506
1804,3.621895,0.16940618
1805,3.583563738,0.169785515
1806,3.550414206,0.170299236
1807,3.522451495,0.170512056
1808,3.49933,0.170954278
1809,3.483834673,0.171389766
1810,3.475388224,0.171879947
1811,3.472326916,0.17274951
1812,3.472325463,0.174005062
1813,3.473024206,0.175277099
1814,3.474109439,0.176796271
1815,3.475794673,0.178804249
1816,3.477561028,0.180865323
1817,3.480352897,0.182780006
1818,3.486046355,0.184709089
1819,3.493966574,0.186500042
1820,3.501335327,0.188270984
1821,3.505957944,0.190387804
1822,3.50702028,0.19279397
1823,3.50531,0.195137502
1824,3.50319785,0.197303956
1825,3.501781028,0.199402346
1826,3.500818411,0.201324828
1827,3.501880833,0.203139912
1828,3.506367757,0.204936809
1829,3.51353,0.206566219
1830,3.522169252,0.207971857
1831,3.533089813,0.209387962
1832,3.547822804,0.210870695
1833,3.566038879,0.212204973
1834,3.585689907,0.213157464
1835,3.604288972,0.213484728
1836,3.618628598,0.213402514
1837,3.630096168,0.21313131
1838,3.63747,0.213148616
1839,3.641666262,0.213336399
1840,3.642133832,0.213070334
1841,3.637771589,0.212630307
1842,3.629494907,0.212143957
1843,3.619086449,0.211605669
1844,3.608588505,0.211036931
1845,3.599156542,0.210474448
1846,3.590301402,0.209928491
1847,3.581191215,0.209343683
1848,3.572296636,0.208707291
1849,3.5650875,0.208128976
1850,3.560567103,0.20766213
1851,3.55885028,0.20722379
1852,3.557463084,0.206806116
1853,3.55565,0.206844038
1854,3.556678037,0.207047811
1855,3.5614,0.207150047
1856,3.572323551,0.207488892
1857,3.586801667,0.207998223
1858,3.604092804,0.208366948
1859,3.625062897,0.208426642
1860,3.650949065,0.208349334
1861,3.681266822,0.208117027
1862,3.713520561,0.207492236
1863,3.744680561,0.206492709
1864,3.772038519,0.205377694
1865,3.79363757,0.204135716
1866,3.809304299,0.202509168
1867,3.818608598,0.200588206
1868,3.82016,0.19851429
1869,3.81198243,0.196198158
1870,3.794748224,0.193440087
1871,3.773360187,0.190145798
1872,3.751487037,0.186476332
1873,3.730644766,0.182747891
1874,3.711734112,0.178786972
1875,3.695095047,0.174653756
1876,3.680763271,0.170613874
1877,3.669080374,0.167079617
1878,3.659815701,0.163923621
1879,3.650876944,0.16047877
1880,3.640114579,0.156925462
1881,3.627920187,0.153512482
1882,3.612207477,0.150317495
1883,3.5946,0.147203388
1884,3.578198131,0.144254627
1885,3.563421589,0.141584233
1886,3.549723832,0.139131504
1887,3.537487778,0.136891041
1888,3.526415794,0.134944087
1889,3.515629626,0.133158569
1890,3.503708505,0.13164752
1891,3.490610374,0.130624876
1892,3.477331869,0.130289398
1893,3.464838411,0.130640136
1894,3.45350537,0.131241941
1895,3.443552336,0.131737177
1896,3.438115888,0.132571477
1897,3.436909813,0.133813747
1898,3.43905,0.135451024
1899,3.446143458,0.13753209
1900,3.459920748,0.13980974
1901,3.482158131,0.14217518
1902,3.513052963,0.144695907
1903,3.554357477,0.147017803
1904,3.602625514,0.149347943
1905,3.653619626,0.15134991
1906,3.708998131,0.15303772
1907,3.773603551,0.15443662
1908,3.846815888,0.155321224
1909,3.919997037,0.155767519
1910,3.98272514,0.15572017
1911,4.026581402,0.155198965
1912,4.048110654,0.1545096
1913,4.04712,0.153670808
1914,4.0264535,0.152582394
1915,3.995750707,0.151349399
1916,3.959848283,0.149710372
1917,3.9254366,0.147833922
1918,3.896720909,0.146055835
1919,3.8701048,0.143895694
1920,3.844022424,0.141469492
1921,3.818939596,0.138996051
1922,3.7909586,0.136518336
1923,3.760534848,0.134131747
1924,3.73438697,0.131006013
1925,3.7100244,0.128434483
1926,3.69035,0.126106871
1927,3.6719495,0.124276118
1928,3.649297273,0.123031677
1929,3.624914444,0.121821813
1930,3.6033826,0.121237012
1931,3.581955556,0.120994804
1932,3.56017697,0.121150117
1933,3.5414533,0.121762083
1934,3.526031919,0.122479097
1935,3.511766,0.123635442
1936,3.497272727,0.125444936
1937,3.479881818,0.127433041
1938,3.4599688,0.129481172
1939,3.441218586,0.131540391
1940,3.422714545,0.133985996
1941,3.403739,0.136633772
1942,3.385680909,0.13897299
1943,3.3694448,0.141315034
1944,3.353779192,0.14384451
1945,3.340205455,0.146495058
1946,3.3296175,0.149025978
1947,3.327916667,0.151269049
1948,3.339227778,0.153675236
1949,3.3666341,0.156065829
1950,3.413380909,0.15853969
1951,3.485154,0.161213753
1952,3.572916667,0.163457428
1953,3.662111111,0.164323383
1954,3.74028,0.164217564
1955,3.802059596,0.164255829
1956,3.84727,0.163907851
1957,3.87571,0.163092644
1958,3.889392424,0.162174782
1959,3.892150707,0.161359762
1960,3.886896,0.16075936
1961,3.874830303,0.159726752
1962,3.8575881,0.158158107
1963,3.838018283,0.156707865
1964,3.818758889,0.155678795
1965,3.8002008,0.154669126
1966,3.78035,0.153218782
1967,3.759688384,0.15169297
1968,3.740801,0.150425764
1969,3.723589798,0.149235247
1970,3.7063808,0.147817299
1971,3.689607273,0.146295309
1972,3.673224141,0.14507734
1973,3.6578774,0.144195505
1974,3.64504101,0.143232111
1975,3.633877576,0.14249376
1976,3.62226,0.142179087
1977,3.608249798,0.142006657
1978,3.590457,0.142200637
1979,3.568225859,0.142579525
1980,3.542193333,0.14286377
1981,3.513134,0.143164252
1982,3.481168687,0.143714855
1983,3.448508889,0.144667727
1984,3.4175985,0.145609895
1985,3.388,0.14649695
1986,3.3586302,0.147569552
1987,3.330545556,0.148803259
1988,3.305783434,0.150131932
1989,3.287904,0.151450634
1990,3.280110909,0.153209735
1991,3.286101616,0.155323487
1992,3.304535,0.157256967
1993,3.326715859,0.159370939
1994,3.3459997,0.161576342
1995,3.363116667,0.16371219
1996,3.380624545,0.165950596
1997,3.400406,0.168067248
1998,3.424647879,0.17035922
1999,3.457123636,0.17294163
2000,3.5019925,0.175469293
2001,3.559493333,0.177751569
2002,3.621375758,0.179086709
2003,3.6782563,0.179200436
2004,3.729178182,0.178847662
2005,3.7723342,0.178475748
2006,3.803538081,0.177913655
2007,3.818841313,0.177342014
2008,3.817388,0.176515914
2009,3.806112727,0.175365006
2010,3.790657172,0.17415855
2011,3.770587,0.172911395
2012,3.745680505,0.171714702
2013,3.7203042,0.170399686
2014,3.695137273,0.168872017
2015,3.669698485,0.167282003
2016,3.644901,0.16566368
2017,3.620168788,0.164172795
2018,3.598063333,0.162768861
2019,3.5805066,0.161348734
2020,3.566381414,0.159759419
2021,3.551008,0.15827799
2022,3.529041616,0.157286303
2023,3.495102424,0.156468323
2024,3.451467,0.15536468
2025,3.404388182,0.153698581
2026,3.360564848,0.151915882
2027,3.3263784,0.150608967
2028,3.299864545,0.149412045
2029,3.279821,0.148545165
2030,3.267262929,0.148068393
2031,3.264512626,0.14787634
2032,3.2708,0.147890388
2033,3.281369697,0.148069582
2034,3.294850505,0.148269173
2035,3.3106379,0.14848698
2036,3.33398,0.149042879
2037,3.3652966,0.149713584
2038,3.401630606,0.150213608
2039,3.439384242,0.150468153
2040,3.477136,0.150885502
2041,3.51368202,0.151623255
2042,3.548510909,0.152129697
2043,3.579566,0.152573868
2044,3.606762424,0.153216203
2045,3.632246364,0.153960317
2046,3.6543332,0.154443419
2047,3.672788182,0.155252921
2048,3.687353,0.156138436
2049,3.697924242,0.156981105
2050,3.703576566,0.158031024
2051,3.7024278,0.159294208
2052,3.697994545,0.16093563
2053,3.689624444,0.162593766
2054,3.6773648,0.164039146
2055,3.662071616,0.165298728
2056,3.643878,0.166767222
2057,3.621957273,0.168177696
2058,3.59724596,0.169618027
2059,3.5735104,0.17106697
2060,3.55467899,0.172448582
2061,3.542361515,0.17354209
2062,3.5342428,0.174272565
2063,3.530598687,0.175162364
2064,3.531076,0.176230745
2065,3.536061515,0.177399937
2066,3.548061515,0.178584667
2067,3.5710213,0.179387048
2068,3.602103535,0.179669376
2069,3.639217677,0.17899551
2070,3.6767348,0.178269044
2071,3.71413,0.177273996
2072,3.75078,0.17594563
2073,3.78942101,0.174584708
2074,3.833692,0.173529818
2075,3.886410101,0.17254584
2076,3.944800606,0.170462944
2077,3.999228,0.167763975
2078,4.04711899,0.165193721
2079,4.0872375,0.162692024
2080,4.120176566,0.16037918
2081,4.144522424,0.158302914
2082,4.1555198,0.156623449
2083,4.151749899,0.155535602
2084,4.135148687,0.154955686
2085,4.1098148,0.154969943
2086,4.082234545,0.154459911
2087,4.051716364,0.154067586
2088,4.0224217,0.154040242
2089,3.996368889,0.154418566
2090,3.97507,0.154964807
2091,3.961097273,0.155338545
2092,3.952607879,0.155685714
2093,3.942002,0.156741881
2094,3.926718384,0.158265897
2095,3.906987576,0.159405127
2096,3.8816316,0.159757033
2097,3.852169798,0.159904206
2098,3.8214885,0.159542898
2099,3.790670808,0.159399287
2100,3.76091,0.159638525
2101,3.7333572,0.159928236
2102,3.707438485,0.160057689
2103,3.682616263,0.160018842
2104,3.6592975,0.160204157
2105,3.63846697,0.160632262
2106,3.6204448,0.161223068
2107,3.606838889,0.162000567
2108,3.593285354,0.162860253
2109,3.57933,0.16383039
2110,3.565915152,0.164652075
2111,3.554942929,0.165267541
2112,3.5490554,0.165959686
2113,3.546574949,0.16674875
2114,3.5468011,0.167559557
2115,3.548668182,0.168536262
2116,3.549556263,0.169555509
2117,3.5476515,0.170364216
2118,3.544263232,0.171150096
2119,3.541752121,0.172209615
2120,3.539129,0.17372834
2121,3.534418081,0.175369679
2122,3.5280276,0.176822447
2123,3.520146061,0.178528838
2124,3.51245,0.18065394
2125,3.5140916,0.182357277
2126,3.52931,0.183733903
2127,3.553650909,0.184760321
2128,3.585206,0.185331814
2129,3.619873636,0.185706031
2130,3.652824949,0.184909889
2131,3.6696768,0.18341902
2132,3.664899697,0.18207005
2133,3.6379548,0.181032543
2134,3.584735455,0.180553362
2135,3.514826364,0.179855154
2136,3.4404458,0.178774894
2137,3.371436768,0.177823982
2138,3.318001818,0.176990304
2139,3.283529,0.176289429
2140,3.261591717,0.175563282
2141,3.2482192,0.174940476
2142,3.2436,0.174571111
2143,3.250272727,0.174576298
2144,3.2690516,0.174824652
2145,3.299972323,0.174883676
2146,3.343922727,0.17452947
2147,3.3997924,0.174117375
2148,3.47075697,0.174004925
2149,3.5611632,0.174154966
2150,3.668429394,0.173360471
2151,3.782469798,0.171171911
2152,3.8903555,0.168356512
2153,3.985245152,0.165238793
2154,4.060139697,0.162404081
2155,4.1130177,0.159933605
2156,4.147289798,0.157631704
2157,4.1609238,0.155410024
2158,4.153296364,0.153110043
2159,4.128871111,0.15089493
2160,4.0967536,0.148932364
2161,4.062287273,0.146911288
2162,4.028580606,0.144895682
2163,3.9977172,0.142858399
2164,3.965323232,0.140845209
2165,3.9276418,0.138762913
2166,3.884956263,0.13668757
2167,3.840057273,0.134195291
2168,3.7978526,0.131333445
2169,3.762427475,0.128616483
2170,3.734791515,0.126019765
2171,3.7118608,0.123597169
2172,3.691924545,0.121495069
2173,3.671684141,0.119857032
2174,3.6433315,0.118758948
2175,3.604441111,0.117733268
2176,3.560574,0.116653555
2177,3.515663333,0.115421608
2178,3.471912323,0.114522882
2179,3.430308,0.114064285
2180,3.396194949,0.113943237
2181,3.369980303,0.113772427
2182,3.354539,0.11378164
2183,3.349747273,0.114238622
2184,3.353551,0.115029094
2185,3.364055152,0.116232145
2186,3.381332727,0.117369546
2187,3.4039232,0.118212404
2188,3.43068202,0.119546282
2189,3.458490505,0.120506185
2190,3.4868375,0.121172132
2191,3.515379091,0.122355306
2192,3.5432592,0.123531262
2193,3.57346,0.124809243
2194,3.606272222,0.1260244
2195,3.6371192,0.127001881
2196,3.661910606,0.12812032
2197,3.682623939,0.129590912
2198,3.70475,0.13084458
2199,3.726508283,0.13173447
2200,3.7437463,0.132589427
2201,3.758930909,0.133305815
2202,3.768958586,0.133999224
2203,3.7728538,0.134615776
2204,3.770791313,0.135346354
2205,3.76358,0.136443729
2206,3.7466975,0.137759039
2207,3.719245657,0.1391112
2208,3.6853036,0.140369294
2209,3.648593939,0.141260404
2210,3.612503939,0.14179195
2211,3.5792908,0.142278948
2212,3.549838889,0.142511352
2213,3.526566566,0.142496669
2214,3.511476,0.142815276
2215,3.50165,0.143035697
2216,3.494191818,0.142899767
2217,3.4862408,0.143262737
2218,3.477970505,0.143505554
2219,3.4687224,0.143959069
2220,3.45722,0.144791052
2221,3.442742828,0.145169563
2222,3.4254135,0.145738211
2223,3.405837475,0.146816033
2224,3.384977273,0.148114954
2225,3.3672295,0.149388126
2226,3.354726869,0.151080798
2227,3.3472476,0.153026857
2228,3.34357596,0.155157315
2229,3.34237,0.157523767
2230,3.34247,0.160281029
2231,3.343991212,0.163653074
2232,3.3471792,0.167232088
2233,3.353754646,0.170414128
2234,3.3661432,0.173499671
2235,3.38383697,0.177013767
2236,3.410313333,0.180884052
2237,3.4513935,0.184970154
2238,3.507334848,0.189021963
2239,3.576129394,0.19231448
2240,3.6458609,0.194672571
2241,3.707100808,0.196770567
2242,3.7590272,0.198200402
2243,3.798897071,0.199523704
2244,3.82361,0.201203349
2245,3.835617,0.202649848
2246,3.834785051,0.203970565
2247,3.825436667,0.204973709
2248,3.8120708,0.205479554
2249,3.792085152,0.205907686
2250,3.765318586,0.206289143
2251,3.7330394,0.206507925
2252,3.69603202,0.206701456
2253,3.6539945,0.206825258
2254,3.606694848,0.206939047
2255,3.548302525,0.206954541
2256,3.4822896,0.206894164
2257,3.413165354,0.205859098
2258,3.351197273,0.203741198
2259,3.3015261,0.201708772
2260,3.261462929,0.200244611
2261,3.230878,0.198767498
2262,3.209994848,0.196682027
2263,3.19688697,0.194671555
2264,3.1915354,0.192869738
2265,3.195946667,0.190978038
2266,3.208493737,0.189162009
2267,3.2280072,0.187632161
2268,3.25287303,0.185863641
2269,3.2789625,0.183971842
2270,3.305751111,0.182410152
2271,3.333442424,0.181138185
2272,3.3636038,0.179988082
2273,3.40207,0.179105879
2274,3.452838889,0.178524368
2275,3.5112501,0.178103482
2276,3.570690202,0.177512939
2277,3.62894,0.176750367
2278,3.685451818,0.175944371
2279,3.739100808,0.174923359
2280,3.784828,0.173718644
2281,3.819930404,0.172434512
2282,3.845316667,0.171287372
2283,3.8607424,0.170305828
2284,3.866583131,0.169207513
2285,3.8665105,0.168167805
2286,3.866035859,0.167289996
2287,3.863293636,0.166208067
2288,3.858254,0.165200715
2289,3.850190404,0.164371794
2290,3.828257475,0.163303505
2291,3.7930315,0.162144462
2292,3.751517273,0.161042233
2293,3.703759697,0.159980033
2294,3.650042,0.158792493
2295,3.592729293,0.157688766
2296,3.5348974,0.156308663
2297,3.478387576,0.154607062
2298,3.428676768,0.15291944
2299,3.3902804,0.151305236
2300,3.358176667,0.149723038
2301,3.330991818,0.148330525
2302,3.3113378,0.14698822
2303,3.299802424,0.145541229
2304,3.2971022,0.144188016
2305,3.300257677,0.142909517
2306,3.30803303,0.14161337
2307,3.3219205,0.140454174
2308,3.342649293,0.139472764
2309,3.370371515,0.138645647
2310,3.4059417,0.138014078
2311,3.449494242,0.137417776
2312,3.4943316,0.13687453
2313,3.534839899,0.136674973
2314,3.569961414,0.13665459
2315,3.5964126,0.13645559
2316,3.614713636,0.136531591
2317,3.627638889,0.137154802
2318,3.6357004,0.138333826
2319,3.640221515,0.139970583
2320,3.641321,0.141856632
2321,3.637634545,0.143868558
2322,3.630792929,0.146016745
2323,3.6225516,0.148142427
2324,3.611355556,0.150626039
2325,3.599545455,0.153299929
2326,3.5910964,0.15580869
2327,3.583949697,0.158303554
2328,3.5787282,0.160724517
2329,3.576222929,0.162725044
2330,3.573064545,0.164129287
2331,3.5665412,0.165434966
2332,3.555111414,0.16691433
2333,3.537603838,0.168246302
2334,3.5125718,0.169323215
2335,3.47845,0.170218144
2336,3.436352525,0.170902762
2337,3.3929136,0.171192662
2338,3.35232404,0.171170198
2339,3.3153673,0.171466978
2340,3.282765455,0.17232
2341,3.255679596,0.173268267
2342,3.2352021,0.174160919
2343,3.220165354,0.175180055
2344,3.209782727,0.176473611
2345,3.2051227,0.178053997
2346,3.208063232,0.179828298
2347,3.2231566,0.181916036
2348,3.256334242,0.184392504
2349,3.309076667,0.186908895
2350,3.3751324,0.188952092
2351,3.447010202,0.190146812
2352,3.517343333,0.19062857
2353,3.5807838,0.190665515
2354,3.635660606,0.190372977
2355,3.6794544,0.189957953
2356,3.715462828,0.189685886
2357,3.74517596,0.189489809
2358,3.7658666,0.188713233
2359,3.776183636,0.187478301
2360,3.774880404,0.186104522
2361,3.7647716,0.184989334
2362,3.750235859,0.183981138
2363,3.7340172,0.18261842
2364,3.719986364,0.181084857
2365,3.710265657,0.179353083
2366,3.7039088,0.177566002
2367,3.700491313,0.175874586
2368,3.699045455,0.174491796
2369,3.694984,0.173482615
2370,3.686005556,0.17287822
2371,3.6706744,0.172442746
2372,3.648152323,0.172095159
2373,3.619547273,0.172112077
2374,3.5878091,0.172613109
2375,3.553236263,0.173556513
2376,3.514997475,0.174829329
2377,3.4723193,0.176323351
2378,3.425139697,0.177943646
2379,3.378375859,0.179498034
2380,3.3364535,0.181129582
2381,3.301532626,0.1831715
2382,3.2768028,0.185448251
2383,3.259936667,0.187675301
2384,3.247437475,0.189866194
2385,3.2382622,0.192339247
2386,3.235100404,0.194744503
2387,3.23866,0.196963824
2388,3.24867,0.19914349
2389,3.267931,0.20109624
2390,3.294097172,0.202842411
2391,3.326917576,0.20445091
2392,3.3647916,0.205460732
2393,3.402381818,0.206328922
2394,3.435670303,0.206388369
2395,3.466101,0.206061256
2396,3.489960505,0.205717579
2397,3.5066484,0.205501717
2398,3.518023333,0.204156114
2399,3.525058182,0.202737193
2400,3.5295376,0.201176773
2401,3.533199192,0.199619162
2402,3.536163636,0.198161625
2403,3.538603,0.196432508
2404,3.538283535,0.194481548
2405,3.5344718,0.192410307
2406,3.527236667,0.189865467
2407,3.514230606,0.186647255
2408,3.4947326,0.183403558
2409,3.470579293,0.180565614
2410,3.44489,0.17797776
2411,3.4168855,0.175268302
2412,3.389308485,0.172971689
2413,3.3647304,0.170233598
2414,3.342484545,0.166883289
2415,3.320896566,0.16387521
2416,3.3015262,0.161401607
2417,3.285888182,0.159306729
2418,3.274509697,0.157633321
2419,3.267398,0.156531793
2420,3.265747172,0.15601342
2421,3.269588788,0.156036086
2422,3.2798802,0.15681413
2423,3.297962222,0.158305447
2424,3.3236444,0.160222481
2425,3.356260909,0.162599438
2426,3.393322727,0.165407
2427,3.4303975,0.168341605
2428,3.468687475,0.171138586
2429,3.512012121,0.17416123
2430,3.5673576,0.177484188
2431,3.643769091,0.180754885
2432,3.740956,0.183153802
2433,3.844442626,0.184222831
2434,3.937855253,0.184338979
2435,4.010468,0.183632427
2436,4.060662727,0.182749062
2437,4.090555152,0.181750853
2438,4.104552,0.180389767
2439,4.107812323,0.179148594
2440,4.1004479,0.178044002
2441,4.086213333,0.176634033
2442,4.067217778,0.175121497
2443,4.045527,0.17421193
2444,4.022187273,0.173361239
2445,3.998216364,0.172413427
2446,3.9735307,0.171570135
2447,3.945748384,0.170904394
2448,3.9080052,0.170332059
2449,3.861634646,0.169781456
2450,3.816682121,0.169103629
2451,3.776766,0.168493511
2452,3.73861202,0.167708707
2453,3.697096061,0.167171937
2454,3.6516908,0.166549673
2455,3.603188182,0.165549403
2456,3.5511349,0.164469636
2457,3.497119394,0.163031962
2458,3.443891111,0.161407844
2459,3.3923285,0.159890332
2460,3.34536,0.158225183
2461,3.308877172,0.156700183
2462,3.281539,0.155620169
2463,3.262329899,0.154951412
2464,3.251738788,0.15467905
2465,3.2472074,0.155271069
2466,3.246092121,0.156680476
2467,3.24835,0.158469375
2468,3.25421899,0.160643211
2469,3.267565152,0.163356089
2470,3.2904296,0.166512751
2471,3.323051515,0.169751316
2472,3.368569596,0.172768297
2473,3.4251012,0.175509313
2474,3.487400909,0.178139525
2475,3.55097,0.180432213
2476,3.611971111,0.182390348
2477,3.667230505,0.184389666
2478,3.7163018,0.186024831
2479,3.762925152,0.187187994
2480,3.810597071,0.18829175
2481,3.8596555,0.189346396
2482,3.907892424,0.190212414
2483,3.952848,0.190883101
2484,3.990967879,0.19116163
2485,4.017271515,0.191098028
2486,4.0272488,0.190961541
2487,4.016743838,0.190894893
2488,3.985329091,0.190662447
2489,3.9391432,0.189732097
2490,3.883482727,0.188261524
2491,3.8226925,0.186709043
2492,3.759600404,0.185120132
2493,3.695946667,0.183376016
2494,3.6339795,0.181334493
2495,3.574134646,0.179238787
2496,3.516800909,0.177307218
2497,3.4628956,0.175284185
2498,3.413949697,0.173150477
2499,3.372767,0.170920412
2500,3.341448586,0.168894677
2501,3.324219293,0.167279526
2502,3.3203404,0.165904154
2503,3.326169091,0.164866988
2504,3.340758384,0.164113291
2505,3.364289,0.163695413
2506,3.395841111,0.163283446
2507,3.431002727,0.163059097
2508,3.4667248,0.162677916
2509,3.503105253,0.162135294
2510,3.5447532,0.161845631
2511,3.596656667,0.161600498
2512,3.664597273,0.161313171
2513,3.7572459,0.16041196
2514,3.868281111,0.158136704
2515,3.970580101,0.155199495
2516,4.046383,0.152286371
2517,4.095437273,0.149381576
2518,4.1265186,0.146335217
2519,4.151230303,0.14377966
2520,4.161587879,0.141659579
2521,4.146714,0.140789666
2522,4.109354242,0.139727992
2523,4.077523939,0.138433861
2524,4.0666766,0.137799853
2525,4.062620404,0.137325847
2526,4.0503902,0.137761918
2527,4.02820697,0.138799412
2528,3.994207778,0.140059202
2529,3.9504647,0.141577395
2530,3.896293333,0.143189196
2531,3.841296364,0.144088509
2532,3.7915871,0.144518349
2533,3.749647778,0.144849423
2534,3.7139476,0.14555821
2535,3.668698485,0.146302614
2536,3.606447879,0.146284886
2537,3.536323,0.145081335
2538,3.466964141,0.142583192
2539,3.411547475,0.14026927
2540,3.3612928,0.138720049
2541,3.305917879,0.137532652
2542,3.2480191,0.135491771
2543,3.190157172,0.13349668
2544,3.142712323,0.132749718
2545,3.109273,0.132338083
2546,3.09677,0.131912513
2547,3.1062148,0.132033469
2548,3.124782626,0.13236286
2549,3.152074949,0.132360322
2550,3.1807856,0.132208041
2551,3.208257576,0.132294882
2552,3.2341712,0.132423833
2553,3.260075152,0.13255373
2554,3.28910697,0.132529736
2555,3.3211058,0.132371454
2556,3.354080606,0.132280973
2557,3.387444848,0.132318497
2558,3.4159664,0.132360902
2559,3.436110505,0.132267275
2560,3.4512768,0.132432529
2561,3.466657273,0.132600679
2562,3.480394646,0.13269929
2563,3.4917808,0.132811497
2564,3.500627778,0.133133044
2565,3.505756667,0.133775529
2566,3.5094844,0.134445981
2567,3.513526465,0.134979205
2568,3.5115304,0.135370991
2569,3.506216364,0.135618843
2570,3.496016364,0.136075326
2571,3.4811272,0.136530877
2572,3.463594646,0.136792399
2573,3.444770303,0.136798846
2574,3.4242818,0.136473085
2575,3.400802727,0.136245571
2576,3.3750457,0.136558443
2577,3.349492222,0.136593949
2578,3.326235657,0.136035124
2579,3.3054717,0.13523131
2580,3.286228485,0.13457683
2581,3.266337778,0.13422985
2582,3.2436791,0.134150193
2583,3.218823939,0.134255307
2584,3.1955932,0.134377086
2585,3.179463333,0.13457752
2586,3.170190606,0.135155391
2587,3.1668104,0.136223371
2588,3.16874899,0.137787866
2589,3.175696364,0.13983902
2590,3.1866368,0.142264897
2591,3.201095758,0.144985485
2592,3.218267879,0.147504638
2593,3.241001,0.150224537
2594,3.267883333,0.153316164
2595,3.297257,0.156793577
2596,3.328610505,0.160428684
2597,3.363031515,0.163805645
2598,3.4026328,0.166623022
2599,3.44611,0.168818626
2600,3.489475657,0.170434879
2601,3.5301325,0.171475409
2602,3.567702424,0.172279848
2603,3.6040752,0.172895988
2604,3.640952727,0.172927639
2605,3.676893535,0.172559071
2606,3.7097878,0.171925561
2607,3.738090606,0.171021061
2608,3.758721818,0.16974283
2609,3.769836,0.168263777
2610,3.771052727,0.166748612
2611,3.76247,0.165274359
2612,3.745653838,0.163918018
2613,3.723601515,0.162532146
2614,3.6987566,0.16093626
2615,3.672322828,0.159149933
2616,3.645484444,0.157359102
2617,3.6173365,0.15592836
2618,3.587182727,0.154740214
2619,3.5554228,0.153447049
2620,3.523017677,0.152170457
2621,3.491433636,0.151178917
2622,3.461774,0.150468091
2623,3.433080303,0.149736177
2624,3.405719899,0.148864035
2625,3.38032,0.148139205
2626,3.35360697,0.147632872
2627,3.3243869,0.147092195
2628,3.294629394,0.14675423
2629,3.267464545,0.146692264
2630,3.2457247,0.146532197
2631,3.22937,0.146147416
2632,3.217895455,0.145624614
2633,3.211456,0.145271873
2634,3.211825556,0.145210951
2635,3.219953636,0.145062987
2636,3.2334584,0.145059368
2637,3.252661212,0.145356063
2638,3.2774886,0.145650573
2639,3.306459091,0.145508981
2640,3.337447071,0.145160626
2641,3.366104,0.145093572
2642,3.39208,0.14482937
2643,3.417154545,0.144246387
2644,3.4428516,0.143748444
2645,3.472070101,0.143414184
2646,3.5060736,0.143292946
2647,3.542962727,0.143277686
2648,3.578146566,0.143482843
2649,3.6079105,0.143751315
2650,3.634026667,0.144155592
2651,3.6587,0.145085907
2652,3.6813695,0.146116204
2653,3.701952929,0.147164359
2654,3.7170032,0.148426176
2655,3.722838384,0.14980317
2656,3.716523939,0.151268122
2657,3.696336,0.15289424
2658,3.662678687,0.154751606
2659,3.617697172,0.156633256
2660,3.5637096,0.157976018
2661,3.502812727,0.158859028
2662,3.4421411,0.159612907
2663,3.402334545,0.159829939
2664,3.371697576,0.15982484
2665,3.3466475,0.159734684
2666,3.3243,0.159543216
2667,3.303743232,0.159237995
2668,3.2827036,0.158720051
2669,3.260642222,0.158044608
2670,3.2387126,0.157076838
2671,3.216876061,0.155966576
2672,3.197575253,0.154559475
2673,3.179834,0.153106765
2674,3.164459293,0.15169968
2675,3.151944545,0.150245239
2676,3.1429922,0.148717514
2677,3.135884242,0.147285507
2678,3.129748384,0.145947129
2679,3.1259172,0.144666783
2680,3.122960303,0.143398971
2681,3.122802,0.142415534
2682,3.123330808,0.141549383
2683,3.124634848,0.140955998
2684,3.126734,0.140412115
2685,3.129911212,0.13986761
2686,3.133385556,0.139540717
2687,3.1369562,0.139381247
2688,3.141170707,0.139543126
2689,3.145569,0.139814084
2690,3.151146364,0.140428999
2691,3.157046465,0.141139135
2692,3.1636472,0.142072975
2693,3.17122404,0.143124041
2694,3.18017697,0.144318718
2695,3.1893586,0.145774961
2696,3.198778283,0.147440557
2697,3.207895,0.149056643
2698,3.217005556,0.150672815
2699,3.228143333,0.152226476
2700,3.2396641,0.153814843